,business_id,stars_y,categories_count,location,open,environment,value,taste,food,survice,feeling
0,01ZiJg7w-SwR0EpljCfvVA,5.0,4,2.33,3.0,1.2,3.0,1.0,2.24,3.33,3.33
1,039QG6ks4UYNkMA3mcII2A,4.5,4,2.94,2.57,1.2,3.0,1.0,2.24,2.33,2.33
2,03CPJNrFQsVPjSjoKEM-yQ,4.5,7,3.0,2.67,1.2,1.0,1.0,2.24,3.0,2.67
3,06O28tWO0UHdOJpGyu5wRg,5.0,10,2.0,1.0,1.2,1.0,1.0,2.24,2.29,3.0
4,07MpHT8TrGDI_UVktfKMPA,4.0,5,2.0,1.0,1.2,1.0,1.0,2.24,2.29,3.0
5,096iGHoQ-UImxUExuyqlZA,5.0,2,2.12,1.33,1.2,1.0,1.0,2.24,2.29,2.44
6,0G1y7uV7w1D2uziS4Lt_Dw,3.5,2,3.79,3.64,3.74,3.73,2.2,3.66,3.85,3.68
7,0G83H_zoum-Q4bWU2olTqQ,4.5,6,4.38,3.88,4.0,5.0,4.67,4.0,4.36,4.7
8,0ISVzBIyAUvSCxLlh-1B1Q,5.0,3,1.0,2.0,3.97,3.4,4.0,4.08,3.5,2.0
9,0M4fn7ib4zJF6CF0XPLSfg,4.5,5,1.0,2.0,3.97,3.4,4.0,4.08,3.5,2.0
10,0VR7qNhOKCPI0W__-NccEg,5.0,5,1.0,3.67,3.97,3.4,4.0,4.08,5.0,3.0
11,0VzICXStfUAG3QCEgLPeAA,3.5,4,3.92,1.0,3.97,3.4,4.0,4.08,3.82,3.0
12,0bSP8Md5Sz_NxByCsuoYCA,4.5,2,3.92,4.57,3.97,3.4,4.0,4.08,3.82,1.5
13,0e2oJ82g4ZfvQzIc8SE9Xw,4.5,3,2.25,3.74,3.97,1.0,4.0,4.08,3.6,3.78
14,0eaQLn6u8yhgts93_DlQ-A,4.5,8,3.43,4.0,3.97,4.75,4.0,4.08,4.0,4.6
15,0gTTGuA6uEmMhLhfJi0hqA,3.5,5,4.09,4.15,3.97,4.19,4.0,4.08,4.07,4.06
16,0mK7-2fQt684NLJt-ZBalg,4.0,4,4.27,4.75,3.93,4.4,3.5,5.0,4.43,4.12
17,0p405x2TRJCPYfHHt1sgTA,2.0,8,4.62,4.45,3.93,4.75,5.0,5.0,4.71,4.25
18,0rQbXoU_f2WQJiWHWFpgkQ,4.0,13,4.8,4.75,3.93,4.67,5.0,5.0,4.0,4.67
19,0uasL7MepHHQrVNgIhdG3g,2.5,2,5.0,5.0,3.93,5.0,5.0,5.0,4.0,5.0
20,0wkb5qqHP6PQlNhgwg2UmQ,3.0,3,4.2,4.5,3.93,4.5,5.0,5.0,4.0,5.0
21,0x-mYPoatVE0DNlZhha0_w,3.0,2,4.5,5.0,3.93,5.0,4.0,5.0,3.75,5.0
22,143ym0TQNgSVxW7BW23Azw,5.0,4,5.0,4.33,3.93,5.0,4.0,5.0,4.33,4.5
23,14UPvbDf13zKWim68HsHdQ,1.5,3,4.0,4.5,3.93,4.5,4.0,5.0,3.0,4.5
24,14v_52xWsg51JGffXDonAw,5.0,6,1.0,1.0,3.93,1.0,4.0,5.0,2.5,4.5
25,15KIfPDU5IQ07l79Wn1Eew,4.0,2,4.25,1.0,3.93,4.0,4.0,5.0,4.5,4.5
26,1Df5WnLX3DqN6ymlhqznaQ,4.5,6,3.89,3.97,3.93,4.01,4.19,3.83,3.81,3.8
27,1Oa6PpE1MYDT8OLRm8SBig,4.5,3,4.83,4.0,4.4,5.0,2.0,5.0,5.0,5.0
28,1YxLacCdn4yYQDPUzdye8g,4.0,4,4.83,4.88,4.4,5.0,2.0,5.0,5.0,5.0
29,1bfG-RJrbTmPBPHXdTx8ww,3.5,3,5.0,5.0,4.4,5.0,2.0,5.0,4.0,5.0
30,1gkJBdrkfdO7rEMml9e2KQ,4.0,3,5.0,5.0,4.4,5.0,2.0,5.0,4.0,4.0
31,1lp-Y6oaoI4BOPU3hyvIVQ,3.5,3,3.33,3.4,4.4,5.0,2.0,5.0,4.56,4.0
32,1wvXEL679JbB0c-XAUmvyg,3.5,3,3.22,3.67,4.4,5.0,2.0,5.0,5.0,5.0
33,2-LftWyZzwpevblta5xRIg,5.0,5,3.22,2.19,4.4,1.69,2.0,5.0,3.0,2.31
34,2-piM4HDzQh0vJQY3pjQ9g,4.0,3,2.78,3.18,4.4,3.08,2.0,5.0,4.17,3.47
35,21j71R7HELUZODhMLohg2Q,3.5,10,5.0,4.75,4.4,4.0,2.0,5.0,2.86,3.5
36,2EZXd2IaO745nDVYFJzIOA,5.0,5,5.0,4.5,4.4,5.0,2.0,5.0,5.0,4.8
37,2H-o9jNW-9xEz9F69WLNuA,2.0,3,5.0,3.5,4.4,5.0,2.0,5.0,4.0,3.0
38,2HjJeq0iwPeiJ4lR5Vf9NQ,3.0,2,5.0,3.5,4.4,5.0,2.0,5.0,4.0,4.25
39,2IqODXx1v_CwIKT57Xvp6Q,3.5,2,4.25,4.11,4.4,4.2,2.0,5.0,4.0,3.78
40,2KNH2fCFd3bB8787Tlo6vw,3.5,5,4.57,4.6,4.4,4.14,4.0,5.0,4.1,4.62
41,2NsEac9xCBI05bo5l4yI7Q,2.5,3,4.24,4.13,4.4,4.14,3.4,5.0,4.13,4.07
42,2VI5qse_Uew3szoTcLrJMg,4.5,4,5.0,4.11,4.4,4.5,4.33,5.0,3.86,5.0
43,2hrj6ISpLJmvRen3AZkBWw,2.5,4,3.6,4.11,4.4,4.5,4.33,5.0,3.86,4.25
44,2k01kgbLdNV9b19GrOqdNA,4.5,5,3.9,4.0,3.25,4.5,3.0,4.29,4.21,3.8
45,2mW2zWzctk8h5Q3PddzFKA,4.0,2,5.0,3.94,4.0,5.0,4.5,4.5,5.0,4.0
46,2qITBvSPsrXJPutDevpNOQ,2.5,7,3.88,3.94,4.0,4.5,4.5,4.5,4.09,4.0
47,2ud0HfV_-CgilOPfkwijsg,3.5,3,4.75,4.44,4.25,2.0,4.5,4.05,4.33,4.0
48,2xbxXWeu3tpZEJdGTTGbLg,3.5,2,3.82,4.78,4.25,4.5,5.0,4.05,4.25,4.12
49,31BSLQveLV7eeIoWNxhTaw,4.0,6,2.5,4.0,3.4,1.0,5.0,4.0,2.5,2.5
50,31kAtvJIvhXTmttehPbbBw,4.5,8,1.0,2.33,3.4,1.0,5.0,5.0,3.0,3.0
51,32FTAxYkehRO2lozvGszkQ,3.0,3,3.0,1.0,3.4,2.75,5.0,5.0,3.33,3.0
52,36qbJUFglkSb4BcblyTl3A,3.5,6,3.36,2.47,3.4,2.75,5.0,2.5,3.8,3.67
53,37Yr0CSGSuVdBnYfLLjkTQ,2.5,2,4.67,4.17,3.4,4.33,3.55,2.5,3.2,3.2
54,3AEWSso6YdRb00SICNKn7Q,4.0,3,3.67,3.92,3.4,4.33,3.55,4.0,2.5,1.0
55,3KNC2yixPC68n3MyEivl3A,4.0,4,3.71,2.57,3.4,3.4,5.0,2.0,2.5,3.22
56,3LtBbiCfZiRd_32RlbQInQ,5.0,3,3.33,4.5,3.4,2.5,5.0,2.0,3.0,4.67
57,3YKFxMfFfK-55u2PuaRNog,3.0,4,3.33,3.0,3.4,2.5,5.0,2.0,3.0,4.0
58,3aRt8JPhjkfvbhqb3kJsbg,4.5,3,3.5,4.0,3.4,3.5,5.0,3.68,3.56,4.0
59,3fdtp-bzoE4ZgTakkcEBzQ,4.0,16,3.39,3.45,3.4,3.38,4.5,3.68,3.82,3.69
60,3r8Habv8ufqrYIPLz_olEQ,4.5,4,3.5,2.0,4.5,5.0,3.5,2.33,2.0,2.0
61,3rFnH0MlGquQApfr4ss13Q,4.0,4,4.33,2.0,4.5,5.0,4.6,2.33,4.67,4.5
62,3rJJeMOkVi_wEura5UCQqw,3.5,6,4.8,4.59,4.5,3.25,4.6,2.33,4.67,4.54
63,3shPFnoXN6EWExMC4xLpNA,3.0,5,2.5,3.0,4.5,3.67,4.5,2.33,3.96,3.14
64,3tTCNu7VybuQyz7xuaFmTw,3.0,2,4.67,2.5,4.5,3.0,4.5,2.33,4.29,3.2
65,3y_WFe8yA19HvLrOp0ZTZw,5.0,4,1.0,3.33,3.25,4.5,4.5,4.0,4.5,4.0
66,44tjMHhONQgSBa0SW3C0zg,3.0,2,1.0,3.5,3.25,2.5,4.5,4.0,3.0,4.0
67,453CqRWFD0P8OLz4FyjyuQ,5.0,7,5.0,5.0,3.25,4.0,4.5,4.0,5.0,4.0
68,4D58TPFmXDusBhctwu2Hog,3.0,4,5.0,4.5,3.25,4.0,4.5,4.0,4.5,3.12
69,4F_7Ihf9FBXCW6PUllXptA,3.5,7,3.79,3.73,3.25,3.86,4.5,3.61,3.0,3.12
70,4KDP8NVVluJ-WvVTjcn1YQ,3.0,3,3.58,4.08,5.0,5.0,4.5,2.57,4.0,4.6
71,4RfLQ8p6kxZIU-A6_bKG0A,4.5,11,4.06,4.45,5.0,3.97,4.5,2.57,3.95,4.0
72,4cS8ql252b9OMlKeNq_YCQ,1.5,3,4.0,3.2,5.0,2.67,4.5,2.57,3.5,3.75
73,4dXINKRDfcRt-30R9WX-vg,3.5,4,2.6,3.2,5.0,2.67,4.5,2.57,3.0,3.75
74,4eO86WWyUBbsoCro6NrXEQ,3.0,2,3.61,3.67,5.0,5.0,5.0,5.0,3.0,2.75
75,4h1MHwFGWEx7H-KiHonEkg,4.5,4,3.61,3.5,5.0,4.33,5.0,5.0,3.0,3.78
76,4jubHRWnZICNNMyQwnyjQw,4.5,7,3.0,5.0,5.0,5.0,2.0,5.0,3.33,4.0
77,4kYZr9d_ohixJLHi9AVJDw,2.0,2,3.0,2.33,5.0,5.0,2.0,5.0,4.67,5.0
78,4n81G-pmC3rfhmaPsbwYKg,4.5,8,5.0,2.25,5.0,5.0,2.0,5.0,5.0,5.0
79,4qCzryr-lKCxI4GKZcuNDQ,3.0,4,1.0,2.25,5.0,2.0,2.0,5.0,2.0,5.0
80,57wIzrAx8b0OPcdDooS42w,4.0,2,3.12,1.0,5.0,2.0,2.0,5.0,2.0,3.0
81,59J4pWtw-WyDVGxl1EZTgw,5.0,4,3.12,2.0,5.0,2.0,2.0,5.0,2.0,3.0
82,59huubQWzzt8oOfOZ4w29g,1.5,6,3.12,3.62,5.0,4.29,1.0,5.0,2.6,5.0
83,5GzTTxyIJVRESNFOVPXHuw,2.5,2,5.0,3.4,5.0,1.0,1.0,5.0,4.2,4.2
84,5MfsMof-_ddB6MqdoyMXDQ,1.0,3,2.5,4.5,2.62,1.0,1.0,2.3,1.0,4.2
85,5NyAYogQEmUqz7ayXfN6NQ,3.0,7,2.0,3.0,2.62,1.0,1.0,2.3,1.0,4.2
86,5PX6Ekno5-LBmQA2bA_wuQ,4.5,9,3.36,3.22,2.62,3.19,1.0,2.3,4.12,4.27
87,5SZe-u0hyquuipQL5lbg_g,4.0,9,2.44,1.25,2.62,3.0,1.25,2.3,2.38,2.17
88,5dpRzuPxUYZ-Sxgf-regzw,1.5,3,4.4,1.0,4.0,2.0,1.0,3.6,2.0,4.0
89,5gZ4k_mdDOcEmCG4wHVH-g,2.5,5,4.4,3.17,4.0,2.0,1.0,3.6,4.0,5.0
90,5ma1OUQWy_Ds80xUiP7JPQ,4.0,3,3.63,3.61,3.83,3.35,3.82,3.54,3.42,3.62
91,5qG4UHurI1yEozwn25WAFw,4.0,9,3.84,3.82,3.95,3.94,3.71,3.85,3.78,3.91
92,5sFVttifV5ID8Gs0-iiAsA,5.0,4,1.0,1.0,3.74,1.33,4.22,4.18,1.0,1.33
93,5uT16_Lpl3hwvcONNds6DQ,3.0,7,1.5,1.2,3.74,1.33,4.22,4.18,1.33,1.5
94,5yZ1XmDcOEsElDeb9PlPDQ,4.0,3,4.07,3.72,3.74,3.72,4.22,4.18,4.0,4.29
95,67__d4hCRV47mNrMJabo5w,4.5,3,4.2,4.05,4.67,4.5,5.0,5.0,4.22,4.44
96,68MErw5ihghfLJY7ouxetg,3.5,4,3.0,4.0,4.67,3.77,5.0,4.5,5.0,3.0
97,68O4uYCd0YToLOLqHTBSZQ,5.0,5,4.0,4.02,4.67,3.77,5.0,4.5,5.0,4.17
98,6Dc8n5zmf2WLrX1Q6yHzxw,4.5,2,5.0,5.0,5.0,4.25,5.0,4.4,5.0,5.0
99,6E8firUHULUasTt6puy2_A,4.0,4,4.22,4.33,5.0,4.25,5.0,4.4,4.43,4.07
100,6EARSVxeqMR1R33K9yNGmg,3.0,2,3.0,3.75,5.0,5.0,5.0,4.4,4.73,5.0
101,6Ege_N9uJ-rtKIs1TNA8aQ,2.5,2,4.75,4.17,3.0,5.0,5.0,4.4,4.8,3.67
102,6EiZAt37__sm2takl8HPXA,2.5,6,4.38,4.25,4.0,3.88,5.0,5.0,4.75,4.62
103,6G2KEkAgkAgSpIb4U8DgNw,3.0,3,4.0,5.0,4.0,4.33,5.0,4.0,5.0,5.0
104,6GW7g_YolSIcNwAiOHcc1g,4.5,3,4.11,4.6,4.0,4.33,3.67,4.0,3.0,4.2
105,6Me7r6qLyFSQJP0VZzQ-Wg,3.5,5,4.53,4.38,4.63,5.0,5.0,4.5,4.71,4.44
106,6ROKbSSPdvkDxwjW7nVlYA,5.0,5,3.0,4.33,4.63,5.0,4.16,5.0,3.98,4.33
107,6fPQJq4f_yiq1NHn0fd11Q,3.5,3,4.25,4.17,4.63,4.13,4.16,4.25,3.98,4.3
108,6hGFtOcrhYeAE0uBUNpgLQ,4.0,2,3.8,3.67,3.78,4.5,3.33,4.0,4.33,3.67
109,6oRpeY9AugWVb3ONCEVHuw,4.5,7,3.75,3.33,3.78,3.5,3.33,4.02,2.0,4.25
110,6qVc33e9KRAYEfoieio0cQ,5.0,5,4.07,5.0,3.78,5.0,3.33,4.02,3.96,5.0
111,6s7uduX1Q1KSjOKvwxYkRA,3.5,4,4.07,4.03,3.78,4.29,3.33,4.02,3.96,4.18
112,6zBS6fba8fwrs_fN3g55kQ,5.0,2,4.4,5.0,4.33,5.0,4.5,4.67,5.0,5.0
113,707ST4xhNavXNvZtEL-RgQ,3.5,2,4.4,4.0,4.33,5.0,4.5,4.67,4.0,4.0
114,708rW5WbXrqPHhmec-I5pA,5.0,6,4.21,5.0,4.33,4.29,4.41,4.27,5.0,5.0
115,74C1z6cqEdvJVgETTcEodw,4.0,11,4.21,4.33,4.33,4.29,4.41,4.27,4.27,4.35
116,77AfVfvvjfQXslusY8QElg,3.5,8,4.58,4.33,5.0,4.0,4.33,5.0,4.62,4.64
117,7A2JqMWCHv9DaEYoeFz0Ag,3.0,4,2.8,3.25,4.5,4.0,4.33,3.88,2.5,3.75
118,7B5kcuCUkQD3AI3vqFI2cA,3.5,5,2.75,4.17,4.5,1.0,4.33,3.88,4.0,4.0
119,7Ppgpgva-HP3o3h-xp2sWw,2.0,6,2.75,4.17,4.5,5.0,4.33,3.88,4.0,4.0
120,7QXbCdmyDFHFK_cbG4TPVQ,2.0,3,3.14,3.5,3.75,3.0,4.33,2.0,3.0,4.0
121,7Qt8-mOdqkAri_9t74h_EA,3.0,9,2.5,2.5,3.75,1.0,3.33,4.0,3.0,2.43
122,7W8S1-A8sB3ngsoHyNflGA,5.0,2,3.75,4.5,3.75,5.0,3.33,3.83,5.0,5.0
123,7Wr0piSMGiq5qy5opiLNrA,3.5,4,3.75,4.5,3.75,4.8,3.33,3.83,3.45,3.25
124,7aHzNulGbSgDpllHT3Qfiw,4.0,2,1.5,1.0,3.55,4.0,3.33,4.5,2.5,1.0
125,7ecNL_K0X9bCRAXoOnXycA,2.0,6,3.5,3.0,3.55,4.0,3.33,4.5,1.5,1.0
126,7hpcxyY0azlVtwAlg9N-wA,5.0,3,3.5,1.0,3.55,4.0,3.33,4.5,1.5,1.0
127,7lp3IV5xQNXxYcsRaaNWHA,1.5,3,3.5,1.0,3.55,4.0,3.33,4.5,1.5,1.0
128,7v-2HkyrfYkPf471v4gCmg,2.0,2,5.0,3.73,3.55,2.0,3.33,4.5,3.5,4.5
129,7vWb1Afpm2arr8NCaE_EyQ,4.5,4,5.0,3.75,3.55,4.8,4.0,4.5,4.67,5.0
130,7wMCJ9NqL9eBEX4WdJWuIA,3.5,2,3.43,3.24,3.55,3.67,4.8,3.78,3.73,4.14
131,81-wh-qHg2hvwHQBjC0Q-w,3.0,5,3.55,3.75,3.5,3.25,5.0,3.57,3.58,3.88
132,82yel7phFJAXLKTi5-Kz8Q,2.5,4,1.0,1.8,5.0,1.0,2.0,5.0,4.0,5.0
133,83gW66zb2LHNHB_95IhxgQ,4.5,4,1.0,5.0,5.0,4.0,2.0,5.0,4.0,1.0
134,85_UE8pg0tw8T7-RKmKIgA,5.0,2,3.5,3.44,5.0,4.0,2.0,5.0,4.0,3.0
135,883p8Iq1DGAcrP6GU5XRog,1.0,5,3.71,3.44,5.0,3.0,2.0,5.0,3.44,3.0
136,88pdf6YYPBkn1xjaXJNRsw,3.0,5,5.0,5.0,5.0,5.0,5.0,5.0,3.93,4.5
137,893VryJbZcCm5V9xon_aLA,5.0,5,5.0,5.0,5.0,3.67,5.0,5.0,3.93,4.5
138,8EDsTHnSfsAJSD17TM3fMA,3.5,4,3.21,3.97,3.35,3.67,5.0,5.0,3.93,2.78
139,8HzLwYCLlp4aYwG73elHcA,2.0,5,3.5,3.55,3.35,3.33,4.0,2.0,3.92,4.33
140,8KfDZZJ-UVg80C887xLpGA,2.0,3,2.0,4.31,3.35,2.0,2.0,2.0,4.11,4.17
141,8LDQnTOiqNF6C8EdCF1Slg,4.0,8,4.0,4.31,3.35,4.12,2.0,2.0,4.11,4.17
142,8UMFvFWmSpfl8JZ_jm1K3A,3.0,4,4.05,4.0,3.35,4.12,2.0,5.0,4.04,3.8
143,8Y_PQ1l710Jv_xcAwGZabA,4.0,4,2.0,3.0,3.35,3.0,2.0,3.59,3.0,4.0
144,8_gzv_ts-NJ5xOGWW7ZEPQ,4.5,2,3.33,3.0,3.35,3.0,4.5,3.59,3.67,4.0
145,8bZ49zy4KlFVu5teFETYhQ,3.5,3,3.38,3.33,3.35,3.37,4.5,3.59,3.54,3.76
146,8lZtLSeJVg28Gb75iklmmQ,3.0,8,3.61,3.45,3.23,4.13,2.67,3.25,3.37,3.67
147,8nuvHKCDRrGjmm5c1gUnRw,2.0,7,3.8,2.78,3.12,4.0,3.0,1.0,2.78,2.0
148,8t4RND0dQhO0MBvyuMVkKA,4.0,6,4.0,3.8,3.12,3.5,3.0,4.0,3.0,4.0
149,8vkFJ_kA8XxDyjHfmsdEOg,3.5,4,3.79,3.75,3.12,3.1,3.0,3.67,3.77,3.93
150,8wFiWvlfOVt1zvAvsoLw2g,3.0,2,4.0,4.0,2.0,5.0,3.0,3.0,3.0,3.78
151,8z8WXyWjynSgDe71zIa-CQ,4.0,2,4.0,4.0,4.0,3.75,3.0,4.0,4.21,3.78
152,95OKRGypX25zoyvJYunU4g,4.0,3,3.72,3.68,4.0,3.75,3.0,4.0,4.21,3.78
153,9IdMkeSBwvaCmtl3opdcUw,2.5,2,3.1,3.38,1.0,3.62,2.5,1.0,3.71,4.5
154,9MK66QkfnTp6BxZudH9wxg,3.5,4,2.68,2.78,1.0,2.86,2.5,1.83,2.33,2.67
155,9MOnaiFbZn0UDHRhVf5qzw,5.0,10,2.0,3.67,2.0,1.0,2.67,2.67,3.6,3.8
156,9SzxzTb2hQ7oVkWGm5M4ug,4.0,5,3.33,3.0,2.0,1.0,2.67,2.67,3.6,3.8
157,9YB4qqmyglww3bbW7i0kOA,4.0,5,2.63,2.42,2.0,2.14,2.67,2.67,3.25,2.33
158,9YiQ3o0EGmtojzjXdEfgeQ,4.5,6,2.97,3.35,4.0,4.0,2.0,2.64,2.86,3.04
159,9_dcNzHmG2lNZYx1IjrXgg,3.5,2,1.0,2.75,1.0,2.29,2.0,4.0,1.0,3.17
160,9eXubYXgL7Chi4ZLuBBOKQ,4.0,2,2.71,2.75,1.0,2.29,2.0,4.0,3.06,3.17
161,9ffhtZhp7RclEJM0OHnGPA,1.0,4,1.0,3.4,1.0,3.33,2.0,4.0,3.0,2.0
162,9hV1Up0dOHpHFLEhFH0wtw,5.0,4,1.0,4.0,1.0,3.33,2.0,4.0,3.0,1.0
163,9i6MDwYxNvJv2Wqop3RUTA,2.5,5,4.33,4.0,1.0,4.5,2.0,4.0,3.0,4.0
164,9jnhDyTfabr1Z8bFy41Z3g,5.0,5,3.0,2.5,1.0,1.0,2.0,4.0,3.0,4.75
165,9lVwit0qe1x6jKogS2rFdw,5.0,2,3.0,2.5,1.0,3.0,2.0,4.0,3.0,4.75
166,9pRiP9fgu8DQUqEp4JYjtA,2.0,3,2.5,2.5,1.0,3.6,4.5,4.0,3.0,4.75
167,9phyjc0gaJTRO_YFJDH6mg,4.5,2,4.5,4.67,1.0,3.6,4.5,4.0,4.25,4.75
168,9qDw5ntqNBJE-I-YzX9g1A,3.0,3,3.67,2.67,1.0,2.67,3.75,2.0,2.67,4.0
169,9w74u5SUufHoGNhivMzaiQ,4.0,3,5.0,3.0,1.0,3.75,3.75,2.0,3.9,5.0
170,9zH9cMABl2ZiBWlvvHJ_kQ,5.0,5,5.0,3.0,1.0,3.75,3.75,2.0,3.9,3.57
171,A2K7_R-NYuSMmdpp8yuB9w,5.0,2,5.0,3.0,1.0,5.0,3.75,2.0,2.5,3.0
172,A88FnL2glUFjMKI39uXxkw,2.5,5,3.1,2.8,1.0,2.0,3.75,2.0,2.5,3.0
173,A9qmduhmrTZxSg7uTOnzYg,4.5,3,3.1,3.19,1.0,5.0,3.75,2.0,3.6,3.0
174,A_UudiXQhzeACLp43NxxEw,5.0,3,3.0,2.5,1.0,5.0,1.0,5.0,3.5,1.0
175,Aak-D4LVPmPS_vzWKPPa9g,5.0,5,3.17,2.81,1.0,5.0,1.0,5.0,5.0,3.55
176,AbRIvxhf1rYH7dBjJZgyPg,5.0,5,3.17,2.81,1.0,5.0,1.0,5.0,5.0,3.55
177,AbvFCQdnvvdr-J-slJxcFQ,2.0,4,2.6,3.4,2.88,1.0,1.0,5.0,4.0,5.0
178,AhQ4CSFw-agZMGfm1HwosA,5.0,2,3.75,5.0,2.88,1.0,1.0,5.0,3.33,3.2
179,AkED0tHIbZfe1rYEp-HWgw,2.5,3,1.0,4.0,2.88,4.0,1.0,5.0,4.0,2.5
180,AkVmlWrFs8Zxop0Azhc-5g,3.0,2,1.0,1.0,2.88,4.0,1.0,5.0,4.0,2.5
181,AtIyt5nYQ_eLPdOnLukmXQ,4.0,5,2.33,2.14,2.88,4.0,1.0,5.0,4.0,2.5
182,AwNKZ7fAAyjOcpTputzupA,2.5,3,2.75,2.14,2.88,2.0,1.0,5.0,3.0,3.75
183,AxXcGjLCTVkeLwPRMHVL8Q,5.0,2,3.2,3.36,2.88,3.62,2.0,5.0,3.49,3.43
184,AztVIokc5VtP4m8r6kSnWw,2.0,3,4.5,3.75,2.88,5.0,2.0,5.0,4.5,1.0
185,BAjbkzPVqPsIPOmioaPgQg,3.5,11,4.0,5.0,2.88,5.0,4.0,5.0,4.4,5.0
186,BEd0vR8hrkJ-mW2-b5N9Ng,5.0,2,4.0,5.0,2.88,5.0,4.0,5.0,4.4,5.0
187,BFa7L8dr3sUUG1N2bPb-BQ,3.5,4,4.0,5.0,2.88,5.0,4.0,5.0,5.0,4.5
188,BHLHawbaMIWv7CCh0oXvAw,3.0,2,5.0,5.0,2.88,5.0,4.0,5.0,3.07,3.27
189,BIbjBxoiJLS8CnNsSP64TQ,2.0,2,3.39,3.39,2.88,2.47,4.0,3.31,3.07,3.27
190,BNDP3up8Ltn7oVXEt4YLqw,3.5,2,3.15,2.91,2.4,3.8,3.8,2.88,3.1,3.38
191,BPKTwjz2HZCRWyWHP91mPg,4.0,7,3.0,3.67,3.67,3.5,3.33,3.57,3.5,1.0
192,BQlR8VWkWIzv4zzLPp7OuQ,4.5,2,4.0,3.67,3.67,3.5,3.33,3.57,3.5,1.0
193,BS2Y5IZiCOHBebHMEU2dEQ,3.5,5,4.0,4.0,3.67,3.5,3.33,3.57,3.5,4.25
194,BolK3j0LiGtxYxfRhGJFvA,5.0,4,3.27,3.16,3.65,3.53,3.33,4.5,3.46,3.48
195,BsMdebN4nZySpGTfXr-7yg,5.0,5,3.0,4.0,3.65,5.0,5.0,4.5,4.0,4.5
196,BxouWzeD7dVUwElKaBWpWw,5.0,2,4.5,4.0,3.65,5.0,5.0,4.5,5.0,4.5
197,ByA7lECfIG8RwQICcMnyBQ,3.0,4,4.5,4.5,3.65,5.0,5.0,4.5,5.0,5.0
198,BzwqdhZ9Ndrbvrc6bIxb5A,2.5,2,5.0,5.0,3.65,5.0,3.0,4.12,5.0,5.0
199,C-FUOOOW0pW5p_RZ3k7W_Q,5.0,4,5.0,5.0,3.65,5.0,3.0,4.12,5.0,4.23
200,CCNp1qS8n2gh51X7Wadabw,2.0,2,4.19,4.21,3.65,3.69,3.0,4.12,3.94,4.23
201,CH4my_JJ7PJ2T_4uQX4LwQ,3.0,2,5.0,3.55,3.0,5.0,4.67,5.0,5.0,5.0
202,CIdyd88FK-4-YaEFo3Ht6A,3.5,4,4.0,3.55,3.0,3.82,4.67,3.68,3.58,3.74
203,CNwY37pdEDwLl1ehwog6xg,3.5,2,5.0,4.8,4.0,5.0,4.5,4.43,4.5,5.0
204,CShAODPz_Wm7MCSTKvJ5zA,1.5,2,4.46,4.67,2.0,5.0,4.33,3.67,3.67,5.0
205,CTN5Z3fs3jFHfyma8XxzVg,3.5,4,4.46,3.6,2.0,5.0,4.33,3.67,2.0,4.75
206,CXqJyYEFhpdXqAUZyPLeHA,3.0,2,4.0,3.0,2.0,3.0,5.0,4.25,3.0,4.0
207,CYXz0Ze2cG0jVdtYI5yvoQ,4.0,4,2.67,3.25,2.0,4.0,5.0,1.0,3.0,3.0
208,Cat1JuOOdv89E8Zck23smQ,5.0,6,3.0,3.4,2.0,4.0,5.0,1.0,2.33,3.75
209,CbiWuJUROs92f-1IRus-0w,2.5,6,4.0,4.0,2.0,4.0,5.0,1.0,3.0,4.0
210,CbzwY3ioXAAdyynCmfGJlw,4.0,4,2.0,2.75,2.0,3.0,5.0,4.0,3.0,2.8
211,CeYOohT_QMhITFd1TZ7i-A,1.0,2,2.7,3.2,2.0,2.83,5.0,4.0,3.75,4.0
212,CgF0aw5JgUnpn4BrieN5QA,3.5,3,2.7,3.29,2.0,3.17,5.0,4.0,2.88,2.8
213,CqxDQPhltNo6wkkCWww80Q,3.5,3,3.5,4.33,2.0,3.5,1.0,2.67,5.0,3.57
214,CrAijJgeEj2L-bdQB3vvSw,3.0,6,5.0,4.33,5.0,3.5,3.0,3.33,5.0,3.57
215,CrfvVLo8uYRo_GBHIrMfPw,1.0,3,4.0,4.33,5.0,3.5,3.0,3.33,4.0,3.57
216,CtJCRAklyjQ67miNgSvtUw,4.5,10,3.26,3.57,5.0,3.5,3.0,3.33,4.0,3.57
217,CyWqZ2lhOO-6-UY1anxI4A,1.0,7,4.62,1.0,5.0,4.91,4.0,1.0,4.93,4.64
218,D07th0gRkq6X5edcNi3oZA,4.5,6,4.62,5.0,5.0,4.91,4.0,1.0,4.93,4.64
219,D31DDlRMXYxpZORJIldzQA,4.0,5,5.0,4.0,5.0,4.0,4.0,1.0,4.5,4.5
220,DK1NSR48HJ7bAgM_9qoDug,2.5,3,4.54,4.11,5.0,5.0,4.0,1.0,5.0,4.8
221,DMMEWBNOJhB9nG_2J1lYvg,3.0,4,4.2,4.26,5.0,4.33,4.0,4.83,4.26,4.16
222,DO32u1Q6RV2j11W6nzeW6A,5.0,4,3.25,5.0,4.67,3.5,3.0,3.22,3.37,3.83
223,DUeqWfBI90UBR6xSYQO3uw,3.0,12,3.25,3.52,4.67,2.25,3.0,3.22,3.37,3.83
224,DVfCbJhJUDWRlUfrKzaKOA,2.0,4,3.71,3.64,3.77,3.59,3.5,3.75,3.63,3.54
225,DWwxANY20LnPQ8SecPfrXQ,3.5,3,4.5,5.0,5.0,5.0,5.0,5.0,5.0,5.0
226,DZWLw5AaCcu9SgO_1lBZ-Q,4.0,14,4.0,4.0,5.0,5.0,4.0,5.0,4.5,5.0
227,DZkVWxknDUuWX0-wmtGhQw,3.0,4,4.15,3.0,5.0,5.0,1.0,5.0,3.12,3.67
228,Df9zbwHyE5TLiX8MXhlgJg,3.0,7,5.0,5.0,1.0,4.64,1.0,4.0,4.5,4.8
229,DkosgdHgG6T98cqkppkhww,5.0,7,5.0,5.0,1.0,5.0,1.0,5.0,5.0,5.0
230,DpxYFBHeje5UU-m2i6_KTg,2.5,2,5.0,5.0,1.0,5.0,1.0,5.0,5.0,5.0
231,Dv8kgcLrSb73xJR6LL976Q,3.0,5,5.0,5.0,1.0,4.56,1.0,4.0,5.0,5.0
232,DyNwk4aKTe5zy3h83zSTyg,4.0,3,3.82,4.0,1.0,4.56,5.0,4.0,2.5,4.38
233,E-dL1nTtJmItxDeeb4ZASA,1.5,2,4.0,2.67,1.0,3.0,5.0,4.0,3.5,3.0
234,E1qzcRqID-0xqc-owH24_A,5.0,4,4.0,5.0,1.0,3.0,5.0,4.0,3.0,3.0
235,E2Xh5nUmroHqrAJlZxjzDw,2.5,1,4.0,5.0,1.0,4.0,5.0,4.0,3.0,5.0
236,E48Fxo1H85mc2Vq0FcSnRQ,4.0,3,3.4,4.17,1.0,4.0,5.0,4.0,3.0,5.0
237,E9cD-weHeU6TMf-VPKfPMQ,1.5,7,5.0,4.0,1.0,5.0,5.0,4.0,5.0,5.0
238,EAObS2XXCE_XHG9_dho6jA,5.0,2,3.33,3.72,1.0,3.0,5.0,4.0,4.25,3.83
239,EGzbYCNiLoBuRvJmzqrKxQ,4.5,5,3.79,3.72,1.0,3.52,3.2,4.0,3.94,3.83
240,EIZU2iczK0PG35HCsVnnww,4.0,5,5.0,5.0,3.56,4.5,4.0,4.0,4.0,1.0
241,EJgC5p_-AxdHaxm9Dh0P5g,2.5,2,5.0,1.0,3.56,4.5,4.0,4.0,1.0,1.0
242,EVNcagL3D8nKwJsAzM5B7Q,5.0,3,5.0,5.0,3.56,5.0,4.0,4.0,3.0,1.0
243,Efak4g0qC7dOVU-u4oTTNw,4.0,3,1.0,4.0,3.56,5.0,4.0,4.0,3.0,5.0
244,Ek_cVX7Y9an0O9Qettz3ZQ,3.5,4,1.0,4.0,3.56,5.0,4.0,4.0,1.0,5.0
245,ElM8yyW45TAy4vjApwy7ZQ,5.0,4,5.0,4.0,3.56,4.0,4.0,4.0,3.5,4.0
246,Euq0ltqgsmD2VMlBopDbdg,5.0,2,5.0,4.0,3.56,4.0,3.58,4.0,3.5,4.0
247,EvhXrdL8Ngo6VIZT1vhEQw,5.0,8,5.0,5.0,3.56,2.0,3.58,3.63,2.0,2.0
248,EwxhzR-VghhMsRObXLMitw,4.5,4,3.68,3.67,3.56,3.71,3.58,3.63,3.54,3.39
249,F06m2yQSPHIrb1IT7heYeQ,4.0,5,3.81,3.89,3.79,3.84,3.83,3.78,3.63,3.67
250,F0c5AMuF_w49727bE7xV1w,4.0,3,3.62,2.25,2.0,3.67,2.0,4.0,4.75,3.14
251,F3jMS4aNQI6tPtjH61decw,4.0,4,5.0,5.0,5.0,5.0,5.0,3.5,1.5,5.0
252,F3qjj0WbV_xi9URzw3Nf7w,5.0,5,3.75,3.67,5.0,4.0,3.0,3.5,1.5,3.25
253,FAA1WhAqRDUabFTDjVsVvg,4.0,2,3.83,3.5,5.0,3.8,3.0,3.5,2.5,4.0
254,FAw1DGHY-GayAigkD-yWfQ,4.0,5,3.83,4.0,5.0,3.8,3.0,3.5,3.0,4.0
255,FBvdo2I6705bTQXgiOdEoQ,2.5,5,3.55,3.5,5.0,4.14,3.0,3.5,3.29,2.67
256,FDI2PkyJBWEVFZ0ndHFg2g,5.0,4,4.5,4.0,5.0,2.0,3.0,3.5,5.0,4.0
257,FFhVWAEz3nUy_4JEssvlvQ,4.0,3,4.5,5.0,5.0,4.0,3.0,3.5,5.0,5.0
258,FMOWO7_mj8lSZnV3WqpGiA,3.5,4,3.59,3.63,5.0,3.5,3.0,3.5,3.73,3.69
259,FQpEfakfaMfByZ6Qe7fn4w,3.5,2,3.8,4.0,3.42,3.0,5.0,1.0,4.2,3.71
260,FR6_ikTNUV0Fq7VYmIfeTg,4.5,5,3.25,3.55,3.42,3.91,3.0,1.0,1.0,3.5
261,FStFa2esHFgsAjVzIGJcQA,3.0,7,3.62,3.55,3.42,3.91,3.0,1.0,3.74,3.32
262,FZLPI2SJLJ3vVtwPuroXCA,5.0,6,1.0,1.0,3.42,3.31,1.0,1.0,3.5,1.0
263,FhIeCF6QrsLaRvAeu0oEPQ,3.5,7,3.47,3.43,3.42,3.31,3.67,3.47,3.5,3.48
264,FkdG2Qsh0V2UmrEOn_ImDA,3.5,5,2.78,2.0,3.67,5.0,3.5,3.3,1.0,5.0
265,Fmu6u9RDXGZWBBailRQEJA,3.5,2,3.0,5.0,3.67,3.33,3.5,5.0,3.0,5.0
266,FpFIAW_IEvASZBbusABbkA,3.5,2,3.19,3.23,3.67,3.33,3.5,2.89,2.91,2.73
267,FvNDkvp1_3jrlXOgwKhCgA,4.5,5,3.0,1.0,3.67,3.12,1.0,2.89,2.62,2.0
268,G1lB2bUf1MT1FZT8TBy62g,4.5,2,3.0,3.44,3.67,3.12,1.0,2.89,2.62,2.0
269,G36vxy1sDuTsXrvNEUKG-g,3.5,5,3.67,3.17,5.0,3.4,1.0,3.88,3.0,2.33
270,G9-OvE0PBQtDZmnGEB3HEQ,3.5,2,3.7,3.6,5.0,4.67,3.29,3.88,4.4,4.14
271,G9vyGyMY2yjx4cwM0Fmsbg,4.5,2,5.0,3.0,3.02,4.0,5.0,5.0,4.75,4.67
272,GF4_xCtWbpjS5JRKls_Jng,4.0,4,4.33,4.0,3.02,4.83,5.0,5.0,4.5,4.5
273,GFP6Z6RnbtF5Flg3kLfsOA,3.5,2,4.0,4.0,3.02,5.0,5.0,5.0,4.5,4.67
274,GHMOlx3edjKFwK4BBibRIQ,5.0,6,4.67,5.0,3.02,5.0,5.0,5.0,4.5,4.67
275,GIx1awHeMv4drFpqz-1t7g,3.5,4,4.43,4.26,3.02,4.72,5.0,5.0,4.5,4.67
276,GMrwDXRlAZU2zj5nH6l4vQ,4.0,4,3.38,3.23,3.02,3.15,3.18,3.41,3.32,3.31
277,GMzBNH0IoE3kYFH6dnAm0g,4.5,2,3.0,2.36,4.17,3.0,1.0,2.45,3.1,3.0
278,GOXDp404xxsmlIVOamn4rw,4.0,4,1.0,5.0,4.17,1.5,4.0,4.0,2.33,1.0
279,GSNq5jECq-rdZYloWkkZug,4.5,3,5.0,3.14,4.17,1.5,4.0,4.0,2.33,3.25
280,GUV9kiKdDTTIdCS0pjlAlw,5.0,3,2.67,3.5,4.17,1.5,4.0,4.0,2.5,2.75
281,GaJAc5YtZsAKQcYVe6DRpA,3.5,2,2.8,2.75,4.17,1.0,4.0,4.0,2.5,3.0
282,GdK5zQ4kVv55iE3qbdGSKA,5.0,6,3.67,2.0,4.17,1.0,4.0,3.75,1.0,1.0
283,GdpiEeG8oe8BnpMaENJLfg,4.5,4,3.67,2.0,4.17,3.0,4.0,3.75,3.0,5.0
284,GjbF1ZEbIpC2KqUbZ7KQWQ,3.0,3,4.32,4.36,4.17,4.29,3.71,4.28,3.95,4.14
285,GsXmR2sfhxj1mH18pTwuPw,3.5,7,5.0,4.67,5.0,5.0,5.0,5.0,5.0,5.0
286,H0NlyrD3d-2h9CVLBMZciA,3.5,2,5.0,4.67,5.0,5.0,4.5,5.0,5.0,4.44
287,H2Chxto2e6dHTDJ8-s3-pQ,3.0,3,4.68,4.67,5.0,4.2,5.0,4.76,5.0,4.44
288,H2FohfCm8kVorCEzESF1MA,3.0,7,1.0,4.33,4.0,2.33,4.0,4.0,3.8,3.0
289,H4oxmmF-QCFYwWZGE6rbhg,3.5,4,3.6,4.0,4.0,5.0,4.0,4.0,3.8,4.0
290,H8syW_r5Y6QZZ0Q7HYOd1A,4.5,2,4.22,4.1,4.0,5.0,4.0,4.0,4.25,4.2
291,HAg1cURR8b1f1lVKtbtA8w,4.0,3,4.07,3.67,4.0,4.0,3.67,4.0,4.11,3.8
292,HNAH23RNUTTivzhebQTozw,3.0,4,4.36,4.17,4.0,5.0,5.0,4.5,4.0,3.8
293,HTngUd7s8kLBiAbEtd65Ug,4.5,5,4.11,4.3,3.8,4.4,4.0,4.0,4.69,4.41
294,HVPcIcqiJkrpD36xZFGN6g,1.5,5,4.67,4.82,3.8,4.0,5.0,4.0,4.57,5.0
295,H_FwiRpgRcXSV-v1-N4Qhw,4.5,7,3.9,3.76,3.8,4.0,3.5,4.0,4.0,4.07
296,HaE1Qd51heH1SRLFcfloxA,5.0,5,4.5,4.25,3.8,2.82,4.0,4.0,2.83,4.0
297,HbG8z_lusO0HpnPZPxkcYA,4.5,4,3.35,3.69,3.8,2.82,2.83,4.0,2.83,3.27
298,Ho44UJoyHFzlfqOWFAiNAg,3.0,2,2.33,1.0,3.8,3.0,4.33,2.25,1.75,1.67
299,Hpos97EcES0XxcEVyZuItw,4.0,4,2.5,2.67,3.8,1.0,4.33,2.25,1.75,1.67
300,HxOycKEgCl7aXjBsVs0t-w,3.0,4,1.0,2.5,3.8,4.0,4.33,2.25,1.0,3.85
301,I-wKBhSlOb_iP4w9RouGaw,1.0,2,3.75,1.0,3.8,3.81,4.33,3.68,1.0,3.85
302,I6qFvR-jVDGqDD_iVG38ng,3.0,4,3.75,3.92,3.8,3.81,4.33,3.68,3.84,3.85
303,I7opGbXbKeNuyWvC486vNA,4.0,3,4.5,3.38,5.0,3.4,3.78,3.25,3.4,4.0
304,I8GF2YtkYqTUaLg0m9hI9Q,2.0,4,3.25,3.22,5.0,3.4,3.78,3.25,3.38,3.37
305,I8T4Xsp3Wv7W-RJhsHrTDA,3.5,2,2.64,2.88,4.0,1.5,1.75,3.9,3.5,2.62
306,IAdj4di3LA7bg28pQiF8UQ,4.0,5,5.0,3.0,5.0,5.0,5.0,3.9,1.0,5.0
307,IQRFLteu-q3HJPtrXj2EIA,5.0,2,5.0,5.0,5.0,5.0,5.0,3.9,1.0,1.0
308,I_WE2lVko2fd3stuzbsi9Q,3.5,6,3.89,4.28,5.0,3.78,5.0,3.9,4.2,3.93
309,Ia1JlEo7UUyZtmqRe1K1Pw,3.5,5,3.96,3.71,3.92,3.83,3.33,3.9,3.8,3.94
310,IjGU7ZopsgeomsDQf20UXQ,4.0,3,4.33,4.33,4.67,4.0,3.0,5.0,3.2,2.5
311,Ik-vXB7HCwnC44KDf_nwdw,4.5,2,3.33,3.0,4.67,4.0,3.0,4.17,3.2,2.5
312,ImaLoP8fXXVLDOnOaXR3lg,5.0,2,4.33,2.0,4.67,4.0,5.0,4.17,3.67,3.0
313,Iqu5Attfz1QC6d6A81H5aw,5.0,7,4.33,3.5,4.67,4.0,5.0,4.17,3.67,4.0
314,IrRPkXOy6Pe8FYM0Ztxmew,4.5,4,5.0,4.0,4.67,3.5,5.0,4.17,3.67,4.0
315,Irxe_Dm56X1TLs5TNM1lUQ,5.0,5,3.5,4.0,4.67,3.5,5.0,4.17,3.67,1.0
316,IunVm89ceN8z4OcKU2jt2w,4.5,3,4.0,3.0,4.67,5.0,5.0,4.17,5.0,3.57
317,IwP7A7gKf-mOG_ZHB5KYSw,5.0,5,4.0,1.77,4.67,5.0,5.0,4.17,1.0,1.0
318,IyvM5xz7_il6I8mfSUSgfg,4.5,4,4.0,1.77,4.67,1.0,5.0,4.17,1.8,1.7
319,J-A-VaoAvm3hMIb7VBJqHQ,3.0,3,1.5,1.5,4.67,1.0,5.0,4.17,3.2,4.85
320,J1RKcr6BAqOI-LDFbn0TvQ,1.5,3,3.0,4.5,4.67,3.5,5.0,4.17,3.2,4.85
321,J28zZKFCZOObUaXLwvC0tQ,4.0,2,5.0,5.0,3.78,3.0,5.0,3.0,4.43,4.85
322,JBGfZB9hgxD-OVyu4s3nAQ,4.5,6,3.5,5.0,3.78,3.0,5.0,3.0,4.25,4.25
323,JVJAx33FlF7nfiYKYKQNJQ,2.5,3,5.0,5.0,3.78,3.0,5.0,3.0,5.0,5.0
324,J_8IOyptLn2SYUOcyouHnA,4.5,4,4.83,5.0,3.78,3.0,5.0,3.0,4.07,5.0
325,JhHrkQSmaRTK2Wb7CuoAGw,2.0,2,4.83,3.79,3.78,3.0,5.0,3.0,4.07,4.57
326,JjjQSlvTvGlIAta5CyA6UQ,4.0,8,3.67,3.71,4.0,3.67,3.0,1.0,3.65,3.86
327,Ju2M7gYlaiW1124o8YhEFg,5.0,3,3.67,3.86,4.0,4.53,2.0,4.0,3.0,4.5
328,JyuICl_sFcP-cgK5qLazmw,2.0,2,3.67,3.86,4.0,4.53,2.0,4.0,3.0,2.0
329,K4z0ODOZNuN2uRnL4IwApw,3.0,2,3.94,4.44,4.0,4.53,5.0,4.0,4.33,4.27
330,KDFDCMd41uNwiXPptfzPww,4.5,4,3.4,4.5,4.17,5.0,5.0,3.93,3.0,4.0
331,KEDm72wwss4YFXHhHdsHdQ,4.5,4,2.0,2.82,4.17,3.0,5.0,3.93,2.8,2.9
332,KIJNlmRsTLag7tW62NvLcQ,2.5,3,3.67,3.79,4.17,5.0,5.0,3.93,3.0,3.67
333,KQ4FnMr2z37NUhOeHiSfPA,4.5,6,3.25,3.5,4.17,5.0,4.0,3.93,3.0,2.67
334,KQKUVoZjYE56GsG7DY1CpA,3.0,6,3.25,3.0,4.17,3.0,4.0,3.93,4.0,2.67
335,KWywu2tTEPWmR9JnBc0WyQ,4.0,6,3.54,3.44,4.17,3.62,2.78,3.93,3.31,3.34
336,Kbidfh24_7-a380tovQeYA,3.5,6,4.0,3.9,4.17,4.6,5.0,3.93,4.33,4.2
337,KcUMfvAs6Mlpv1XBhGA5Gg,5.0,2,5.0,5.0,3.0,5.0,2.0,4.5,4.0,4.0
338,KipckrGshAP7H-T6ZupyXA,4.0,4,4.0,4.0,3.0,3.69,2.0,4.5,3.86,4.28
339,KmuzOoe2eMu47cshWu0lcQ,5.0,6,3.8,4.0,3.0,4.6,4.0,3.0,4.2,4.0
340,KqouzJ7_jh9tRQnSmEde5g,4.0,3,2.0,5.0,3.0,4.6,4.0,3.0,4.2,4.33
341,KvVE3Zt0UO4EVLng8M5x9A,2.5,5,2.0,3.43,3.0,4.6,4.0,3.0,4.2,4.33
342,KyQL98YGPBFpc-T9BlFqNQ,5.0,5,4.0,4.0,3.0,4.0,4.0,3.0,4.2,3.67
343,KzftjAOxUGTBjKF19XXXyQ,1.5,7,5.0,4.4,3.0,4.5,4.0,3.0,4.2,5.0
344,L7R6AowNkDoSFxmf_kjGwA,5.0,5,3.33,5.0,3.0,2.33,4.0,3.0,2.5,4.0
345,LArP8v1EOGTt5Qy_AWNjRw,5.0,7,2.57,2.5,3.0,2.33,4.0,3.0,3.0,3.0
346,LB6ZyCfUzeX9OLdunHhnOQ,3.5,8,3.43,2.4,3.0,2.33,4.0,3.0,3.0,3.12
347,LEOvXK3lMEfjnex3CPvrng,4.5,3,1.33,2.0,3.0,1.0,1.5,3.0,3.0,2.0
348,LFhF2la-C_vrNrQRz5GnIA,2.0,3,3.67,5.0,3.0,3.5,4.0,3.0,3.0,3.0
349,LO5wXyFY6KUYleg0ZK5xiw,4.5,4,3.38,4.17,3.88,3.5,4.0,3.86,3.75,3.77
350,LPnGdeEJyMMO02e02PqZBA,4.0,10,4.0,4.04,3.88,4.02,4.05,4.13,4.17,4.26
351,LUN6swQYa4xJKaM_UEUOEw,4.5,7,4.38,4.13,4.75,4.31,3.5,5.0,4.37,4.25
352,LVewWjdGzXuw1V_4gRJerQ,4.5,4,4.0,3.6,4.0,2.64,2.0,5.0,3.33,4.0
353,LWxSTjV6zybxIZKkSK3SNQ,3.0,4,3.57,2.75,4.0,2.64,2.0,5.0,3.5,3.0
354,LgsMwQy_qJRD5_pZ2iz3UQ,2.0,2,3.0,4.5,4.0,2.0,2.0,5.0,4.0,3.0
355,LkREQvvhVDbVG4bpRsSjcQ,3.5,4,4.0,3.33,4.0,2.0,2.0,5.0,3.86,3.0
356,LnCNoBfyLQVdk8CLj6ra4w,4.5,2,3.0,2.8,4.0,4.0,2.0,5.0,3.86,3.33
357,LrkQe6vxHVLM7DnZWM5GvA,5.0,8,3.0,2.5,4.0,4.0,3.4,4.0,2.5,3.0
358,LvQTegTMW03e3HiTTOIs3g,5.0,2,4.0,2.5,4.0,4.0,3.4,4.0,3.75,2.5
359,Lx3p5OmxGkbaCKq7G7FfPA,3.5,4,3.36,4.08,4.0,2.78,3.4,4.0,3.75,4.0
360,M5A5r0HbMRfTzidqMKYHfw,4.0,5,3.33,3.5,4.0,3.0,3.4,3.5,3.5,3.0
361,M5WP9kqjYYFuKcPC0Q2SMg,5.0,3,3.33,3.0,4.0,3.0,2.5,3.0,3.25,2.86
362,M6C1yjSyQtR4SYfxOzX3fA,5.0,4,3.33,3.2,4.0,2.71,2.5,3.0,3.33,3.0
363,MDy2IbPQ_qA1slyDub57Fw,3.0,4,3.33,3.2,4.0,2.71,2.5,3.0,3.33,2.5
364,MNOo3RG-wzjLvNqRo5uNKg,3.0,3,3.33,2.67,4.0,2.67,2.5,3.0,4.0,3.0
365,MQCMRKXJZYRPBmx0MbgSuQ,4.0,2,5.0,4.0,4.0,2.0,2.5,3.36,4.0,3.0
366,MSMWyifL-Ev1Q863HsVdkw,3.0,2,5.0,2.0,4.0,2.0,2.5,3.36,1.0,3.0
367,MXpCVzm1V5OH05KO6n7ntA,5.0,5,3.83,3.2,4.0,3.0,2.5,3.36,3.75,2.88
368,MhKvFkacsm3wJNoVMlz-rQ,5.0,3,4.0,4.0,2.33,3.0,3.0,3.0,4.0,3.5
369,MxDJKmAB-PikbdIBKqNoag,4.5,6,3.5,4.0,2.33,2.67,2.5,3.0,3.0,3.0
370,N41VYb9fhafQOi1WP_VPCA,5.0,4,4.0,3.0,2.33,2.67,2.0,3.0,4.5,3.0
371,N4r3XX7uH42aXhHvFMkxjA,3.0,12,1.0,3.0,2.33,4.0,2.0,3.0,3.0,3.0
372,N6X-k5fDF4MdGhglvnRqlA,1.0,3,5.0,3.33,2.33,4.0,1.0,2.26,3.33,3.0
373,N6jKUHqTCkc1C8DC6kXEUQ,5.0,5,5.0,4.5,2.33,4.0,1.0,2.26,4.0,3.0
374,N77b-T4DaetICsaJafR93Q,3.0,5,5.0,4.5,2.33,4.0,1.0,2.26,3.33,3.0
375,NBB6fJUDNpa6hsbmiFByfg,3.5,3,2.56,3.0,2.33,3.5,1.0,2.26,3.67,2.06
376,NBn4hgfGtNz91k3VsDZlmw,5.0,3,2.56,2.43,2.33,2.0,1.0,2.26,2.2,2.06
377,NCFwm2-TDb-oBQ2medmYDg,4.5,7,3.57,3.6,3.46,4.14,1.0,3.25,3.43,3.7
378,NCv_cd0l-ReyzoHh5Oe-PQ,2.0,3,3.33,5.0,2.0,5.0,3.0,5.0,5.0,3.0
379,NOsLCWKpx69oqksLzRZdvw,4.0,5,3.5,4.0,2.0,5.0,3.0,5.0,3.75,4.0
380,NZnhc2sEQy3RmzKTZnqtwQ,4.5,5,3.85,3.36,2.0,1.0,3.0,3.2,3.33,3.6
381,Ne5YvHojNon3Sbib3ctEHw,3.5,3,3.5,5.0,2.0,3.0,3.0,3.2,4.0,3.0
382,Nu1jBHpBUSL14an4TEbNLg,3.0,6,5.0,3.0,2.0,3.0,3.0,3.2,4.0,2.0
383,NvgwuOshnRvK5qR4piZmew,3.0,2,3.6,2.29,5.0,3.0,3.0,3.2,3.57,2.0
384,NxqWRVgNBpywgsdMh4b5RQ,5.0,8,4.0,3.2,2.33,3.0,3.0,3.2,3.0,2.5
385,O4QbewwNOZ20gDaWK1hxtw,2.5,8,4.0,3.29,2.33,4.0,5.0,3.2,3.0,4.67
386,O55zKGI1Ut2yKNSM9GULVA,5.0,7,4.6,3.08,2.33,3.25,5.0,3.2,3.2,3.67
387,O6eGmbnnbh0Jq80AAIfzjA,3.5,2,3.14,3.2,2.33,3.33,5.0,3.2,3.67,3.75
388,OFXmJwGH94K11IWQdbmQjg,5.0,5,3.59,5.0,5.0,3.2,5.0,5.0,4.25,5.0
389,OI9a0_l82kvBoKGZI8grwg,2.5,6,3.59,3.62,5.0,3.2,5.0,3.0,4.25,3.56
390,OS5zpHGNEOGPAIq_bItKtg,5.0,5,1.0,4.0,5.0,3.33,4.0,3.0,1.0,4.0
391,OS_sOEfGVXVmWWGKJMAvjQ,1.0,4,1.0,4.0,5.0,3.33,3.86,3.0,1.0,1.0
392,OVvT9pmFP8MWQP1iX8mSFA,4.5,9,3.8,3.53,5.0,3.6,3.86,3.0,4.13,3.62
393,OWBeDjNaIGJXA5yUSQEuug,2.0,3,4.0,3.67,5.0,4.0,1.0,4.33,3.75,3.0
394,OWbm2cGjhX3CwmqzUJeLoQ,5.0,8,3.75,3.85,5.0,3.0,1.0,4.33,3.6,3.39
395,OX0GbUgiv1733Eeu7HqW9A,5.0,9,4.33,5.0,4.23,2.33,5.0,4.33,4.08,5.0
396,OX7df2tibgW6EH5gwsZRZA,3.5,5,5.0,3.83,4.23,2.33,5.0,4.32,4.08,4.67
397,OawTcIafwcfa2gzBzf1Rbg,5.0,9,3.95,3.89,4.23,4.27,5.0,4.32,4.22,4.47
398,OdO_t8gi59cyL0jwt-bB4w,5.0,2,3.68,3.94,4.23,3.6,5.0,4.32,4.2,4.06
399,OfErL1qfNmgTF4375veOPA,4.5,6,3.68,3.94,4.23,3.6,5.0,4.32,4.2,4.06
400,OqF8enx9gNcgWgdODPYDLg,4.0,7,3.84,3.86,4.23,4.67,5.0,4.32,3.57,3.61
401,OrfTQORRoCAG_pjCswDwBw,2.0,5,5.0,2.67,4.23,2.0,5.0,4.32,3.67,3.2
402,Oyo5CWthu2upxxaf69MfIg,3.5,2,4.29,4.45,4.23,4.0,5.0,4.32,4.3,3.2
403,P0qhEzYKI1mEpqZyD7i-rA,2.5,2,4.0,1.0,4.2,4.29,3.0,4.22,2.33,4.0
404,P5OGdM-lldwrJEVv0w9BIA,5.0,6,4.0,4.0,4.2,4.29,3.0,4.22,5.0,4.0
405,PL9xKgFL9FB8wDQ9AKrm4g,3.5,5,3.5,3.25,4.2,4.29,3.0,4.22,3.56,3.5
406,PWjgwphd2prhtqTPWwLbXw,3.5,5,4.21,4.0,4.2,3.25,1.0,4.22,5.0,3.0
407,PZ-LZzSlhSe9utkQYU8pFg,4.0,2,3.07,2.7,3.0,3.29,1.0,3.03,3.4,3.16
408,Pb1DxMxysDySTQ_sQPB9yw,1.0,2,2.2,3.0,4.67,3.5,1.0,2.67,1.0,1.83
409,Pe00LDCyz6ra2zF-1AunuQ,3.0,6,2.2,2.17,4.67,2.0,1.0,2.67,2.0,1.83
410,PkI1x_NCyEt2sR8MYv4l7w,3.5,4,4.25,2.75,4.67,3.5,2.0,2.3,2.5,5.0
411,PtRgVDep8fcM7qleIlR4dw,4.5,5,3.0,3.83,4.67,1.0,3.0,2.3,2.25,3.71
412,Px56NzP2NAUH2GktqSkSVg,4.5,9,3.79,3.81,3.5,3.74,3.0,2.82,3.3,3.84
413,PyZ1Wyni5K35tkq7S26-6g,3.5,2,4.62,4.0,3.5,4.0,3.0,4.22,4.2,5.0
414,Pz9r1GSwO6tl0y-HN_X1DA,2.0,3,4.62,4.1,3.5,4.0,3.0,4.22,4.2,4.1
415,Q-dVQgyof9paXKJLwFsn3Q,2.0,3,4.32,3.95,3.5,4.0,4.0,4.22,4.04,4.4
416,Q91cYZDYdoUB6WeVB6U6Dg,4.0,2,5.0,3.71,3.5,4.27,5.0,4.0,2.75,4.0
417,Q9rtcqUvKluQXvojMvm9rw,3.0,3,4.0,4.0,3.5,4.27,4.5,4.0,4.33,4.0
418,QEXC2FV3d-0mPe2Ib4Chag,3.5,3,4.0,5.0,3.5,4.27,4.5,4.0,4.0,4.0
419,QFlkKxbgc6Irv34RyU_jwg,1.5,3,4.5,4.5,3.5,4.27,4.5,4.0,4.0,2.5
420,QMf2V4AuQ8li7mt11Tns2g,2.5,7,2.0,4.0,3.5,3.0,4.5,4.0,5.0,2.5
421,QP2c6C_xk6nSiLgaVuq2hQ,1.5,2,5.0,5.0,3.5,5.0,4.5,4.0,3.0,4.43
422,QRAmGlMF7_sLq8YZ_L1POQ,4.0,9,4.18,4.8,3.5,4.12,4.5,3.88,5.0,4.43
423,QZFR5RTuftoU3a4RNVzJhA,4.5,8,4.0,3.44,5.0,3.0,4.2,4.0,4.08,3.86
424,QcdKTLeP3J5Ki-fVcPZkfA,4.0,5,4.08,4.18,5.0,2.67,4.2,4.5,4.27,4.18
425,Qf7jGtYtl3Y-xIpOxlrAJA,5.0,2,3.96,3.76,3.5,4.22,3.79,3.4,3.83,4.0
426,QkC0u0KSf6yIi_Xn2ks2ZA,2.5,4,2.0,4.0,3.5,5.0,5.0,3.4,4.5,5.0
427,QtExrfP_dW-Yhs56h_NZNw,3.0,2,4.33,3.33,3.5,5.0,5.0,1.0,5.0,5.0
428,QtbrlxDB7EOqP7mvXp5pRA,3.5,4,3.56,4.25,3.5,3.5,4.5,1.0,5.0,3.75
429,Qwt9lOpplBAZ7JBrgAqI7g,2.0,3,3.67,4.0,3.5,4.0,4.5,4.0,3.5,3.67
430,QzvLnOqwH6BIY_jCOvzuQQ,2.5,2,4.45,4.33,3.5,4.0,4.5,4.0,3.88,3.67
431,R3rss9fkfJxiOK6DueON3w,4.0,3,5.0,3.61,3.5,5.0,4.5,3.43,3.11,3.96
432,R6cjtlmUW_8hV4AlPTp99A,4.0,2,3.77,3.61,3.5,3.62,4.5,3.43,3.11,3.96
433,R7T0O8WBw95PphfLYltHHQ,5.0,2,5.0,5.0,3.5,3.5,3.0,4.0,4.0,5.0
434,REIQZGH5SzRThdNi9yDR4A,3.0,2,4.5,4.2,3.35,3.5,3.0,4.0,4.0,3.67
435,RHOcbuark1YL617_s9L1uw,4.5,3,4.5,4.0,3.35,3.5,3.0,4.0,3.0,3.67
436,RORj058dhJGPOvoOMDU8rg,4.0,2,4.5,5.0,3.35,2.0,2.83,4.0,5.0,5.0
437,RQLtG9VxwPPUMNGqN4T0Yg,2.5,3,3.3,2.0,3.35,2.0,2.83,4.0,5.0,5.0
438,RUJfBZJuYEGgKYRW6mIzCQ,4.0,2,3.3,3.0,3.35,2.33,2.83,4.0,5.0,2.5
439,RVCJYTb_1rGKRFQZjGKm9Q,2.0,1,5.0,5.0,3.35,2.0,2.83,3.5,4.0,5.0
440,RW0hFouTYdBCZdLECR8stw,2.5,3,2.0,2.0,3.35,2.0,2.83,3.19,2.0,5.0
441,R_nQsi2egjUyjgKqOZRJIw,5.0,2,5.0,4.0,3.35,5.0,2.83,3.19,3.67,5.0
442,RcSw5QAzBCGTcPDT4SD4jw,4.5,5,5.0,2.0,3.35,5.0,2.83,3.19,3.67,4.0
443,RlPENVlhVpEH8MMh4OBxcQ,1.0,4,5.0,3.67,3.35,3.0,2.83,3.19,3.5,3.0
444,RmN41KCEcPdSBe8m1FYTjw,4.5,2,1.0,3.67,3.35,3.0,2.83,3.19,3.5,3.0
445,S5FTckOpSK0_Ma4c18ZEgg,3.5,2,3.2,3.22,3.35,3.38,2.83,3.19,3.58,3.0
446,SAfuIUZMXrOnb3LWyvYjDA,3.5,2,2.75,2.95,3.12,3.33,2.85,3.07,3.03,3.23
447,SGPjYRy6x7R5ZlGa_nrskg,2.0,4,2.63,2.74,3.29,3.57,2.0,2.7,2.67,3.06
448,SOKqn5wiAfTHFsSkSyVQ1w,5.0,5,3.4,3.14,3.0,5.0,3.44,4.0,3.75,3.33
449,SQ5we-HZLsFpj8ppMtEBcQ,3.5,6,3.4,3.05,3.0,3.08,3.44,4.0,3.06,2.95
450,SRjoAfwBUuR7qVJkiH19gA,5.0,3,3.23,3.33,3.0,4.5,3.6,4.0,3.2,2.0
451,SUId4_VNhQZUHNl-zqm_Vw,4.5,5,3.23,3.5,3.0,3.4,3.6,4.0,3.2,2.75
452,SZ5KO1KNiwtrktKo5mpuLA,3.5,5,4.08,3.75,3.71,4.0,3.0,3.93,4.36,4.6
453,SfP326rcU5sjwGx_dQP2RQ,3.5,2,2.5,3.5,4.0,2.0,3.0,3.67,4.0,4.0
454,ShC-ssYf7dmQQQhksBtsVA,4.0,2,3.0,2.25,2.0,2.0,1.0,1.0,2.0,3.5
455,SuwopKvxoIcaV69JRRwHpQ,4.5,3,4.0,4.0,2.0,2.0,1.0,1.0,3.0,3.0
456,Swm_uMOWNcJDZz5lXWyzKA,5.0,5,3.5,3.25,2.0,2.0,1.0,1.0,1.0,3.67
457,T1XikHI9k4VtoNzQVpIATA,5.0,2,1.0,2.0,2.0,2.0,1.0,1.0,1.0,1.0
458,TAFy-5vIcAmxTzL9_WhpVQ,2.0,4,1.0,2.0,2.0,2.0,1.0,1.5,1.0,1.0
459,TF-EW2gfk8lFLTjV9LT6hA,2.0,3,2.36,2.5,2.0,2.0,1.0,1.5,2.0,1.0
460,THOZYeKWKyW_-6U30E1b5w,2.5,4,1.0,1.5,2.0,2.0,1.0,1.5,1.0,1.0
461,TIUd6XX7-hF6EPF2NowMsA,3.0,3,2.67,4.0,2.75,2.0,1.0,3.0,1.5,4.0
462,TOJuL1S42GOdkv5Y2am1mw,3.5,4,3.05,2.0,2.75,2.71,3.25,3.0,2.0,2.33
463,TRlBYLf4CxFBaGE-9FLOtA,4.0,4,3.05,2.17,2.75,2.71,3.25,3.0,2.45,2.33
464,TdPw1z1ZpQIobJRcHkaaqg,2.5,3,2.54,2.22,2.75,2.75,2.0,2.56,2.25,2.82
465,Tq_S8F5B2fSeHqLZghOqQg,4.5,2,3.5,3.67,2.75,4.0,5.0,2.56,2.5,2.6
466,TrVKJkWWQeMTK_ly0PMGtg,3.5,5,1.71,2.75,2.75,2.57,3.33,2.56,2.4,2.67
467,U3op-dFRxAe35tP5q_9niw,3.0,11,2.33,5.0,2.67,5.0,3.33,2.8,4.0,3.25
468,UBrow8QJ_zNEWp_fjUmddg,5.0,2,2.33,3.0,2.67,4.0,3.33,2.8,4.0,3.25
469,UED302E-B2OyVr0mssARnA,3.0,3,2.33,2.93,2.67,1.6,3.33,2.8,2.87,2.75
470,UGKdI2t19nALJT2gm25cMw,2.5,2,5.0,3.0,4.5,1.0,2.0,5.0,1.0,1.0
471,UGNBEtwzgkzV5030dZNkcg,2.0,3,1.0,1.0,4.5,1.0,3.0,5.0,1.0,1.33
472,UIWt3IP92R5ELw3UQxZoeg,5.0,6,5.0,3.0,4.5,3.17,3.0,5.0,3.0,1.33
473,UKxrXVirvyZjsNRZzYvU_w,3.5,2,5.0,5.0,4.5,3.17,3.0,5.0,3.0,3.0
474,URCmJ-uP_2FyHrShsRPycA,4.5,6,3.83,4.0,4.5,3.17,3.0,5.0,4.17,4.0
475,UVOgAsk6kWxs7-NTWEobQQ,5.0,4,4.0,2.0,4.5,1.5,4.0,5.0,3.5,3.25
476,UYkOUsxYG9BgdzFYAD4h8g,3.5,3,3.25,3.5,4.5,4.75,4.0,5.0,3.0,3.83
477,U_tbcAmi6kgUP262WqsoVA,4.0,5,3.5,3.4,4.5,2.5,4.0,1.75,3.6,2.6
478,UcBgxABVMc5mo1JLB8t70Q,3.0,5,3.86,3.83,3.2,3.25,4.0,3.61,3.5,3.29
479,UsxSpv63crQ91mCzzYONTA,4.5,2,3.67,4.0,3.62,4.67,4.0,3.33,2.0,3.2
480,UwanDENbM3PYTpkKqJD4WQ,4.0,3,3.33,4.5,3.62,4.67,4.0,3.33,3.38,3.29
481,V2Sb71qv_um1ntfaMW8yFw,4.0,3,4.47,4.36,3.62,3.9,4.0,3.33,3.0,4.09
482,V44iFD8LIm33krIlK68kwA,4.5,10,4.07,4.0,3.62,3.6,3.67,3.33,4.06,4.05
483,V78f9CdEVTkKFkyhdTYVrQ,3.5,6,3.16,4.14,3.62,3.4,3.67,3.33,3.59,3.28
484,V7FnGSzQqzmxu6hEx1dv4w,3.5,6,3.15,3.07,3.0,2.67,4.5,3.14,3.12,3.19
485,V9vv0Me8RDKVGcRwn5dYmQ,3.5,5,4.25,4.27,3.37,5.0,4.5,3.58,4.16,4.18
486,VDMQzY-lXjG8Z4pFDwzgdQ,1.5,4,4.0,3.33,3.37,4.0,4.5,3.58,4.4,3.64
487,VONg0lyHm7fUdARWjkkjCQ,5.0,2,3.71,3.33,3.37,3.71,4.5,3.58,3.73,3.64
488,VR2LTEsJByan97fcYRkl5w,3.0,3,3.5,3.11,3.0,3.8,3.76,3.95,3.94,4.57
489,VRvcAHLka10z0kEA0r8LSQ,5.0,3,2.75,5.0,3.88,5.0,3.76,3.71,4.6,4.0
490,VUtazCTIc0aoOrQprP_s-Q,3.0,6,3.63,3.68,3.88,3.62,3.76,3.71,3.84,3.55
491,VVLGIq6ksrgGSfi7VBTmpg,4.0,2,5.0,5.0,5.0,5.0,2.71,5.0,5.0,5.0
492,VaNjd3jir0MKntCFya70uA,5.0,5,3.58,3.0,3.84,3.86,2.71,3.45,5.0,5.0
493,VahVKCDFougCFlWH87OYZQ,4.0,9,3.58,3.24,3.84,3.86,2.71,3.45,3.33,3.35
494,VdQE1qjtEMVAkRGfTfj5-A,3.0,3,4.17,4.33,4.3,3.5,3.55,3.94,4.0,5.0
495,VkECNTcZZ1mdN-VJltJcWA,3.5,4,3.84,4.02,4.3,4.3,3.55,3.94,3.94,4.15
496,Voy_shxcm2YnHQOtfUj1KQ,2.5,3,2.96,3.31,3.09,3.25,2.67,3.19,3.19,3.14
497,Vs7gc9EE3k9wARuUcN9piA,4.5,4,3.72,3.69,3.9,3.92,3.8,3.72,3.8,3.69
498,VsenRYkMsUMNMHykvkeZog,3.0,5,3.56,3.5,4.33,3.77,4.0,5.0,5.0,4.07
499,W0vJniiB1m_mOos2EcMj0A,4.5,6,3.56,4.27,4.33,3.77,4.0,5.0,3.62,4.07
500,W3ia8dkoGGRYEfFg_BiyPg,2.5,6,3.7,3.61,4.33,4.5,4.0,3.16,3.26,2.57
501,WLblFINiPI18_o1OdDsnVg,3.0,2,4.37,4.13,4.38,3.86,4.08,4.05,4.14,4.21
502,WO1kqacT_65MYW8DTeydkQ,5.0,6,2.6,3.23,4.07,4.0,3.0,1.0,3.5,3.2
503,WOMQ3w0Fpt1UcUwn1dQDiw,5.0,2,5.0,4.0,4.07,4.0,3.91,3.93,3.5,4.5
504,WRQ-9LluyivReFiQZFUujw,4.5,5,3.88,4.04,4.07,4.04,3.91,3.93,3.92,3.85
505,WcTi4zhPsm5fYfX1ChGYcw,4.5,6,5.0,4.0,4.29,4.6,3.67,5.0,3.6,3.5
506,WefDfqzrzTZRTqQNzMLayA,5.0,4,5.0,4.0,4.29,4.6,3.67,5.0,3.0,3.67
507,WgvJcTe_RdlIfnvxEzn2Mg,3.5,2,4.48,4.62,4.29,3.92,3.67,4.47,4.54,4.46
508,WieX_2Y-5tpbvERANtdcxg,1.0,4,3.77,5.0,3.72,3.0,3.67,3.73,5.0,4.0
509,WrtQPbY-0G3w3NCp80JxSw,5.0,5,3.77,4.0,3.72,3.72,3.67,3.73,5.0,4.0
510,Wxxvi3LZbHNIDwJ-ZimtnA,4.0,11,3.77,3.77,3.72,3.72,3.67,3.73,3.72,3.8
511,X2qnigcKuTWL7x9fS2ZUdw,4.0,2,2.8,2.0,3.0,2.0,5.0,3.0,2.5,2.8
512,X2wGtV-oDtzVSva7hCBDDw,1.0,5,2.5,5.0,4.41,3.67,5.0,2.67,2.5,3.0
513,X3s0BN02lS6EigSnJaSyDw,3.5,5,3.0,5.0,4.41,3.67,5.0,2.67,2.5,3.0
514,X6Vn8EZCPSjGkx4fDcdGkg,3.0,2,3.0,2.5,4.41,3.33,5.0,3.0,2.5,3.0
515,X7Z1xVzPnarhj363MXnMGQ,5.0,5,4.0,3.33,4.41,4.0,5.0,3.0,3.0,4.0
516,X8mtoSxY8whtmbDlj0D3Aw,2.0,2,4.0,5.0,4.41,4.0,5.0,3.0,3.17,2.2
517,XA-0T6x--L9-FVs_o19YBg,5.0,5,5.0,2.33,4.41,3.67,5.0,4.16,3.17,2.2
518,XCuzeEyhLx2KcXQP9xcGDw,4.0,2,3.0,3.0,4.41,3.0,5.0,4.16,4.36,2.0
519,XDYCIRENiT2doRZgwNJ3SA,2.5,3,4.25,4.16,4.41,4.25,5.0,4.16,4.36,4.12
520,XP_YsVNF5e3O3T0j0dhCOw,2.0,10,2.5,3.0,3.77,4.0,4.6,4.43,2.0,4.33
521,XQDl79wUJizPT5bBP7lEhg,3.0,1,5.0,4.67,3.77,5.0,4.6,4.43,5.0,4.0
522,XWa7nXOddOYKxojywngk8w,5.0,9,5.0,4.2,3.77,5.0,4.6,4.43,5.0,5.0
523,XX3Z43nNtZOgOXFjokejwA,4.0,4,4.88,5.0,3.77,4.75,4.6,3.78,4.88,5.0
524,XXW_OFaYQkkGOGniujZFHg,4.0,6,3.78,3.8,3.77,3.83,3.76,3.78,3.74,3.73
525,XXtXxJIH3k3GZX7_uCdttg,4.0,2,2.0,2.5,4.2,4.0,3.0,5.0,4.11,2.0
526,XZf2TJUB83P0O6pkXI4Kiw,5.0,5,5.0,3.5,4.2,4.0,2.0,5.0,4.11,4.6
527,XehBm4wtQ6qeeYj_eL-6sw,5.0,4,5.0,4.75,4.2,4.0,2.0,5.0,4.11,4.6
528,Xgm4gimm3XgR_npVErR1dA,4.0,4,5.0,1.0,4.2,5.0,2.0,5.0,5.0,5.0
529,XkWt9d7c55Nxu_unAJKqdg,5.0,3,5.0,5.0,4.2,5.0,2.0,5.0,5.0,5.0
530,XqKJ6PHxt7fbUptQe_SJcg,3.5,5,3.43,3.09,4.2,3.27,2.0,5.0,2.38,2.0
531,XrqdUe-uNDYrGYN-mKOJhw,4.5,3,4.0,3.0,4.2,3.0,1.0,4.2,4.0,1.0
532,YAP0QYtvG2YpNFsZd9rGcw,2.5,2,3.67,3.0,4.2,3.0,3.0,4.2,3.67,5.0
533,YApsybaBiXrUZYLigizb2Q,5.0,7,2.2,2.0,4.2,1.0,3.0,4.2,5.0,5.0
534,YI9jV7K3CVlJL8bru8IM3g,4.0,6,2.2,1.8,4.2,1.0,1.0,4.2,5.0,2.67
535,YK5eFV8uS1bCmp8GeiQ-Qg,4.0,2,2.75,1.5,4.2,3.0,4.0,4.2,4.05,4.0
536,YOZgLDLNLAe2nP1sw5inYw,4.5,2,4.05,4.86,4.2,3.0,3.8,4.2,4.05,3.33
537,YPK024huhY2np5hJ_5qWCw,3.5,10,3.46,3.27,2.83,3.25,1.0,3.65,3.91,3.46
538,Y_308Bqexth2DepgmpqUsQ,2.5,8,5.0,3.2,5.0,4.33,3.93,1.0,2.5,3.5
539,YfPct9b0a0RW7BER702ftw,4.5,4,4.0,4.0,5.0,3.8,3.93,1.0,3.69,3.12
540,Yiw2jUJzUdFmglHZgj4RaQ,4.0,4,3.58,3.65,4.04,3.8,3.93,3.73,3.69,3.62
541,Yo4IGnQB-YCRoUrA6sTQJw,5.0,2,5.0,4.6,5.0,3.0,5.0,4.5,3.86,4.17
542,Yq7u6XXyDITG7I6yKAXU0g,3.0,4,4.5,4.36,5.0,3.0,5.0,4.5,4.0,4.6
543,Yq8ASf8OS7SEs1dXHsfwwA,4.5,4,3.89,3.0,4.0,4.0,5.0,3.0,4.62,3.33
544,YrteR2QtSp6WwY7gUq_ncQ,5.0,8,3.89,3.57,4.0,5.0,5.0,3.0,3.29,3.4
545,YwnIGwbUVoR8sBixRSaz2g,4.5,3,3.89,4.41,4.0,4.0,5.0,3.0,4.3,3.5
546,YyxB3K1ORzc7ChMKgyxm9Q,3.0,3,5.0,4.2,4.0,3.0,5.0,3.0,3.75,3.6
547,Z1dU9ftw88veW85UT2ztaQ,5.0,3,3.5,5.0,3.68,3.0,5.0,3.65,5.0,4.0
548,Z7uUe-lE3PaHwz7bh4XgVA,4.5,3,5.0,5.0,3.68,3.0,5.0,3.65,3.0,3.0
549,ZCDzr173zNGcastXGWkfuQ,4.5,4,3.5,3.5,3.68,3.82,3.48,3.65,4.5,3.67
550,ZCzK3cGob727bW3EvtAlYg,5.0,8,3.54,4.5,3.68,3.82,3.48,3.65,4.5,3.63
551,ZPwx7ktiVluGFVg0L05n5A,4.5,10,3.54,3.6,3.68,3.82,3.48,3.65,3.35,3.63
552,ZZgnkT6vevy81owvdneyOA,4.0,2,4.03,5.0,2.0,4.22,3.5,5.0,5.0,3.0
553,ZaTi-qedOUVwHDLWaIFwiA,2.5,2,4.03,5.0,2.0,4.22,3.5,5.0,5.0,4.29
554,Za_JMp4_aqgehHwtTVZoOw,3.5,7,4.03,4.0,2.0,4.22,3.5,5.0,3.67,4.29
555,Zi7_E88i5KlOtaBobPVc5w,4.5,6,4.03,4.07,2.0,4.22,3.5,5.0,4.17,4.29
556,Zq2PTVnAMyTeovZHmXAcvQ,2.0,3,4.11,3.62,2.0,3.0,4.0,5.0,3.75,3.0
557,ZsN4JOB8F8muOSO9WdBZ8A,3.5,4,3.0,3.86,2.0,3.0,5.0,5.0,2.0,3.92
558,_2X_W0Tf5-RXyGabxVwiGg,4.0,2,4.6,3.86,2.0,4.3,5.0,5.0,4.0,3.92
559,_7VzldbP4ts7UyO6K1Wnsg,3.5,2,3.57,3.71,4.2,3.0,4.0,5.0,3.0,4.0
560,_7wj87KZspahqDHxbXreMQ,3.0,7,3.57,3.71,4.2,3.0,4.0,5.0,3.75,2.0
561,_FP4CBz5D8V4_3dtex9_iw,5.0,3,1.2,2.32,4.2,1.0,2.38,3.74,2.75,2.07
562,_FasIfdzrhrvFYhSSFM0Wg,2.5,3,3.0,3.5,4.2,3.38,3.67,3.74,3.67,3.5
563,_Fo8uNT17BEBUkKvUXCZkQ,4.5,4,4.1,4.62,4.2,3.38,3.67,3.74,4.5,3.15
564,_J-Xtyz-ZiUMv7g-zh9xcw,4.0,5,1.0,1.0,4.0,5.0,5.0,2.5,3.0,5.0
565,_NARVAD_ac4heZ4QY-Jg0w,3.5,5,5.0,5.0,4.0,5.0,5.0,2.5,4.0,1.0
566,_NN2pJEbOI6sIQzwWnYipA,2.0,2,5.0,4.5,4.0,4.75,5.0,2.5,5.0,5.0
567,_Syl0eHkPuoYmBwz1e1Nsw,5.0,3,4.5,5.0,4.0,4.75,5.0,2.5,4.0,5.0
568,_ZW2TjymKRvmJ0usDGbZug,4.0,2,4.5,5.0,4.0,4.75,5.0,2.5,4.0,4.2
569,_ZzVDZbBKYPYnTWTVjhWVA,3.5,3,3.73,4.1,4.0,4.67,5.0,2.5,4.0,3.71
570,_cBlppMDZYXS-Bjj4l9qtw,3.0,4,4.0,4.5,1.0,3.0,1.0,3.2,3.33,4.0
571,_ipsKxAjXX5uVlyMILoUpA,4.0,3,4.5,3.0,3.59,3.75,1.0,3.5,4.6,3.5
572,_j2EtQtgLuXGRBfbM5YwZA,3.5,5,3.52,3.67,3.59,3.51,3.92,3.5,3.65,3.55
573,_pBXtjN43eqMV0XZTz7nmw,3.5,4,3.48,3.58,3.33,3.65,3.2,2.0,3.43,3.62
574,_tLXitzH3v8_H-usIKhKXA,5.0,7,1.0,2.75,2.4,3.33,1.0,2.43,1.5,3.12
575,_teNNRGk80yssjeKIhLapw,1.5,2,1.0,2.33,2.4,2.25,1.0,2.43,3.14,2.33
576,_zL2-vH4shn3UF7vAZ-6tQ,3.5,4,2.55,2.33,2.4,2.25,1.0,2.43,1.0,2.33
577,a6RZ3ampzMPiu0drkw9WWw,3.5,2,2.55,2.3,2.4,2.25,1.0,2.43,2.36,2.46
578,a7n0bJFOpkR3uutv_C026g,3.0,2,3.0,3.0,4.29,3.0,3.09,3.13,3.0,3.0
579,a9ncRGtg3iWBpQmhpRBM4g,5.0,6,2.12,2.38,4.29,4.0,3.09,3.13,3.25,2.5
580,aBCqrJwXAHnTgO2e_l0v8w,2.0,3,3.33,3.0,4.29,4.0,3.09,3.13,3.25,4.5
581,aCU2pFbbGTyiPOrWycYNhQ,3.0,3,3.44,2.88,3.92,4.02,3.09,4.0,3.43,3.0
582,aNe8ofTYrealxqv7VtFTuw,3.5,9,4.02,4.03,3.92,4.02,3.09,3.88,3.98,4.03
583,a_TfmuLIHsRDyg7aVJQCBQ,2.0,2,1.0,2.93,2.17,2.27,5.0,3.25,2.75,1.0
584,adW-HtWLUks-lTQRFtWa5w,5.0,3,2.36,1.0,2.17,2.27,5.0,3.25,1.0,2.27
585,afMwlotE4c2nBLilhaOxhw,3.0,4,2.36,1.88,2.17,2.27,5.0,3.25,2.8,2.27
586,ahbDELrW7CqFbOVePbF5-Q,4.0,4,3.67,3.67,4.0,5.0,5.0,3.71,3.68,4.0
587,aidcfUzZLOjWgwlxfv3UlA,3.0,3,3.55,3.42,3.87,3.7,5.0,3.71,3.68,3.1
588,amJdJXHAKstfl-O6zJqbcA,2.5,9,2.87,3.48,3.67,3.5,5.0,3.81,3.68,2.1
589,aqu7fn-RZOu5GR5C7X3NdA,5.0,3,3.82,3.76,3.67,3.98,5.0,3.81,5.0,3.76
590,arv3T_av9OoVo3SvxV4TXw,4.5,4,3.82,3.76,3.67,3.98,4.0,3.81,3.82,3.76
591,atIM-4UCRmbM9P66oFuxXA,4.5,4,5.0,4.0,3.8,4.5,4.0,3.72,3.5,2.67
592,atVh8viqTj-sqDJ35tAYVg,3.5,4,3.8,3.66,3.8,3.62,4.0,3.72,3.76,3.96
593,awGNki6Frr4YOKKpsxoukQ,1.0,2,4.0,1.0,5.0,4.33,4.5,5.0,5.0,3.2
594,aykJmEbscH3WngIhjxZoWw,3.5,7,4.0,4.5,5.0,4.33,4.5,5.0,5.0,3.2
595,b-aiR4-8EIHaxao7qXpRcQ,4.0,6,3.67,3.0,5.0,3.67,4.0,5.0,5.0,5.0
596,b12qS86-9a_prAfFIdRD2w,4.0,7,3.33,3.5,5.0,5.0,4.0,5.0,3.0,3.0
597,b3L-0LK8_5_OYRNTMRlaLQ,4.5,4,3.33,3.5,5.0,3.25,4.0,5.0,3.83,4.2
598,b9R3msDsU2cC6WKBm68tzQ,3.5,4,3.25,3.8,5.0,1.0,4.0,5.0,4.0,3.2
599,b9SMb3ka6MQ5UsCvcLXT6w,3.5,6,4.33,3.5,5.0,3.75,4.0,5.0,3.25,4.33
600,bDUvTOwviImDUIY7EERCgA,3.0,3,3.69,3.82,5.0,3.75,4.0,5.0,3.33,3.83
601,bFbfpIwrd5M8UsNpPivc6w,1.0,1,4.5,4.0,4.0,4.5,4.0,5.0,4.1,4.5
602,bJP4l_BGq2CudEu0m-wNjg,2.0,4,5.0,3.75,4.0,4.5,4.0,5.0,4.5,4.5
603,bK70PtUK5nGGLzP7tChaeg,3.0,5,3.67,3.75,4.0,4.0,4.0,4.22,4.33,3.6
604,bLwLZLo9aw0qRNeEPXGpEA,4.0,6,3.04,4.5,3.46,3.4,4.0,3.54,4.0,5.0
605,bZs7FJ7fHIJxVecfp1qvug,4.0,5,3.04,3.62,3.46,3.4,4.0,3.54,4.0,2.87
606,ba5PtEQcvLm0IH6oHvahgw,2.5,2,3.0,4.0,4.29,3.9,3.89,3.81,4.06,3.82
607,bcJmbFHVAkLFqhJbUTdbyQ,4.0,4,3.78,3.97,4.29,3.9,3.89,3.81,4.06,3.82
608,bfkJnnbQHSOTQnjyav7QiA,5.0,2,2.0,4.0,3.76,1.0,1.0,4.33,3.33,3.0
609,bfupNcOYWf6B9B1d2qiOdw,2.5,3,2.0,4.0,3.76,5.0,1.0,4.33,3.33,5.0
610,bg5jZjMYkEbZSODMuSGpcQ,4.5,5,4.67,3.25,3.76,5.0,1.0,4.33,3.33,3.5
611,buk0wVdm_42901qeVIoTrg,2.0,5,3.68,4.0,3.76,4.0,1.0,4.33,4.0,2.5
612,c2CXGmH_Brec8SXQbDJC7w,4.5,5,3.68,4.0,3.76,3.69,1.0,3.57,3.14,3.4
613,c5TOGBUCCUUNBPM7h_KbmQ,4.0,4,3.68,3.41,3.76,3.69,1.0,3.57,3.14,3.4
614,c8XVH6Q_0bmMoPHLy_HKCw,3.5,4,3.5,3.11,4.0,3.0,4.5,4.5,4.0,3.0
615,cDugOhPR40gBk-DYNPYREA,4.0,6,4.02,3.9,4.0,4.38,4.5,4.5,4.14,4.41
616,cKwg6HFaLYXl7Ar0rHojAQ,4.0,2,4.5,3.88,4.0,5.0,1.0,4.5,4.33,4.5
617,cNyOFhT-AVQxjynHpc8o3A,2.5,2,3.0,5.0,4.0,3.0,1.0,4.5,5.0,4.83
618,cPWbolWE6ip5SupmfH-nBQ,1.0,2,5.0,5.0,5.0,5.0,5.0,5.0,5.0,4.83
619,cQYPeBInV14_uLY5gWyQtg,4.5,4,4.57,3.56,5.0,3.0,5.0,4.03,4.2,4.83
620,c_iQzwsTDYraPvHSKz88QA,3.0,6,3.99,4.06,4.01,4.0,4.02,4.03,3.98,3.86
621,cehTmoCXPi0a3FwCE3Tq2Q,4.5,3,4.25,4.5,2.0,5.0,5.0,2.0,4.0,3.0
622,ci3xUs8ZffvGhWfoioAL0Q,3.5,5,2.5,5.0,2.0,4.0,5.0,2.0,4.0,4.0
623,co9I6wlR0YhP0THsZBGafg,4.5,4,2.5,4.0,2.0,4.0,3.57,2.0,3.33,4.0
624,co_oBumZqxmlDZFISgQiwQ,4.5,6,4.0,4.0,2.0,2.0,3.57,2.0,3.33,4.0
625,cr5pOUYVlwIDflN_SZuGog,3.0,3,3.25,4.2,2.0,2.0,3.57,2.0,3.33,1.5
626,cwMqYOAFI1QIO7fvOQYxtw,5.0,2,4.0,3.0,2.0,2.0,3.57,2.0,1.0,3.0
627,cwNNRUI9dbWpodk1njfGBQ,5.0,2,4.0,3.0,2.0,2.0,3.57,3.75,3.5,4.33
628,d0N5HcdMCeXcX81hcRVUFw,2.5,5,3.82,2.73,2.0,1.0,3.57,3.75,2.78,3.5
629,d2ZRWM2_5GJrMdkQh_Btdw,1.0,4,4.0,2.5,2.5,3.0,3.57,4.0,4.0,1.0
630,d6BOggptRCZcw7y5SI5Tww,1.5,5,3.83,4.67,2.5,3.0,3.57,4.0,1.0,5.0
631,d83IU89GHvyT8-p8wT_hZA,5.0,2,3.44,3.42,2.5,5.0,3.57,1.0,1.0,5.0
632,dFMxzHygTy6F873843dHAA,4.5,2,3.44,3.42,2.5,3.14,3.57,1.0,1.0,3.45
633,dQmXfa3MoC7Encv9XVR14Q,1.5,2,3.67,3.67,2.5,4.0,3.57,5.0,3.53,3.0
634,dR33Tp5PBB5oOuZagcTrXQ,5.0,2,4.5,4.0,2.5,3.5,3.57,4.0,3.53,4.0
635,dcGFb4SWiR_Fs13zpOfOjg,2.5,4,3.35,3.05,2.5,3.5,3.57,4.0,3.53,3.29
636,denOutmcto4xiKG6yXfA6g,4.5,6,3.36,3.33,2.5,3.0,3.57,4.0,3.12,3.27
637,diaiQrxYFU1V5qxrFnW9fg,3.0,2,3.97,3.89,2.5,4.09,3.0,3.5,3.84,3.87
638,dnYzFJ9m1USQqhZv1ZTuwA,4.5,5,3.76,3.71,3.5,4.38,3.86,1.0,3.75,3.87
639,drLbXX7aRs7_1QAIVfvM_Q,4.5,4,3.02,3.35,3.5,2.88,3.86,1.0,2.93,3.33
640,duG-irioNf7ZmRI2XibQ_A,3.5,4,1.0,3.25,3.5,4.0,3.0,2.91,3.0,4.0
641,duJZ5pOHrbY3_e7ir9q_iQ,5.0,5,2.6,2.0,3.5,4.33,3.0,2.91,2.71,2.88
642,dua9DKkJSN-fRheoTaQexA,3.5,4,5.0,2.21,3.5,4.0,3.0,2.91,4.0,4.0
643,dusNIzdCaH6EoLl2hRy6cQ,3.5,3,2.95,2.21,3.5,2.71,3.0,2.91,2.44,2.79
644,e1DfwqDhYQYLKoyHmJu0hQ,4.5,2,3.05,2.7,3.6,3.69,3.0,4.14,4.0,2.82
645,eDla_ZWjIoY1m-79WCZRGw,5.0,6,3.36,3.48,3.6,3.69,3.43,2.57,5.0,3.59
646,eFcpMAgG5OLzgElmnO2DUQ,4.5,5,3.36,3.48,3.6,3.69,3.43,2.57,3.13,3.59
647,eHOb3yKoLI-y_nX_wLY5xg,4.0,3,4.8,4.48,5.0,5.0,4.75,4.26,4.36,4.6
648,eS76100l3h7Ollb5s3_M4A,4.0,7,3.95,3.97,5.0,3.98,3.7,4.26,4.19,3.79
649,eSG49skwvqQP3MzzdgTg-g,5.0,7,2.76,2.93,3.5,5.0,2.5,3.0,3.0,1.0
650,eVvnRqb4GSJUfN5k2-9oOQ,4.0,2,2.76,2.93,3.5,2.69,2.5,3.0,2.64,2.87
651,eY98EH_PHGnJVaJ7t2UpoQ,4.0,9,3.18,3.42,3.2,3.58,4.0,3.31,3.44,3.17
652,eit6KEsA8gg2rpheUJ_Abg,4.0,6,4.25,4.0,3.44,3.0,4.0,4.0,4.0,4.0
653,endWkodwcsppACM49TR0dw,4.0,2,2.88,3.12,3.44,3.0,4.0,4.0,1.5,2.5
654,ewIXHLlaIfp9U3NrsgilVw,3.0,3,3.5,3.52,3.44,3.29,4.0,3.43,3.36,3.2
655,f2ZWZPENViL92BrFsIgR6w,4.5,2,4.15,4.07,5.0,4.0,4.67,4.5,3.95,4.3
656,f5sSn5cO4t6mF_mdnzKkyA,2.5,4,4.58,4.75,5.0,3.0,5.0,4.71,4.86,4.0
657,fBK1aJKhjS4QQe9kwNeqjg,5.0,2,4.88,5.0,4.4,5.0,4.67,4.6,5.0,5.0
658,fFClJbyFz-_Edv9lNy6fkQ,3.0,5,4.88,5.0,4.4,5.0,4.67,4.6,4.67,5.0
659,fGcnPMp-ZNdO9hQ3hqIM8A,2.5,3,3.5,4.0,4.4,4.67,4.67,4.6,4.0,2.0
660,fOFkU3gc9ekFiP9FWRgYTA,2.5,2,4.5,4.0,4.4,4.67,4.67,4.6,5.0,4.4
661,fOq7DDqqsVm2XOFSL925XA,3.5,2,4.17,4.75,5.0,5.0,5.0,5.0,4.62,5.0
662,f_eiOrEcMnkHB7GvQVOHkQ,4.0,3,3.62,3.67,3.49,3.44,3.87,3.6,3.61,3.34
663,faixHjogPjNUo07T0RBRFw,2.0,2,1.25,2.57,3.57,5.0,1.0,5.0,3.0,1.0
664,fn6ySvSF79V3s-f6xnPVRw,3.5,5,3.0,4.5,3.57,2.0,1.0,5.0,4.0,2.25
665,fyzFa1BPRNtITIR3YZ-skQ,3.5,2,4.0,5.0,3.57,3.75,5.0,5.0,4.0,5.0
666,g3OqrOFv_jsxPre2UjWGug,1.0,5,4.04,4.0,3.57,3.75,3.44,3.89,4.0,4.0
667,g5yxZhX-szx9iI4p5TjrzQ,4.0,6,4.04,4.26,3.57,3.75,3.44,3.89,4.11,4.0
668,gFjHMjQXn5pbObxJupiuPA,5.0,2,3.75,4.2,3.57,4.25,3.44,3.89,4.0,3.4
669,gHoP4eJimaMltfUlp6EP4Q,4.0,4,3.86,3.85,3.6,3.91,3.44,3.88,3.74,3.95
670,gHvarASpPTAtxdna_RpmTg,4.0,4,5.0,4.33,5.0,3.35,4.05,5.0,5.0,5.0
671,gPZj-XXVwFHgd8zjJPzVCw,3.5,3,3.67,4.33,5.0,3.35,4.05,5.0,4.2,5.0
672,gRpb1HS7A8l3i4yttY3r6g,3.5,5,3.7,3.5,3.9,3.35,4.05,3.98,2.82,3.79
673,gXbnZhu_bspTGGbyFEAqlQ,5.0,5,4.0,4.0,3.9,4.75,4.05,3.98,4.5,3.33
674,gas3YSrKkEcBliUHhnOLTg,3.5,5,4.0,3.29,3.9,4.75,4.05,3.98,4.0,3.33
675,gbQN7vr_caG_A1ugSmGhWg,3.5,7,4.06,2.0,3.9,4.12,4.05,3.98,4.03,5.0
676,gc_GGat7TgNCmrgc4nVOgw,3.5,6,4.06,4.12,3.9,4.12,4.05,3.98,4.03,3.98
677,ghc7Yqr7RkNbj3ydTpGuRQ,4.5,2,4.5,5.0,4.0,5.0,5.0,4.0,5.0,5.0
678,giT2D-Ha7OAKToRy8r6Rrg,5.0,5,4.17,3.5,3.41,5.0,5.0,3.49,2.75,3.0
679,grMGcknOj2ZDDFp7NsdYjw,2.5,2,4.17,4.0,3.41,5.0,5.0,3.49,2.75,4.29
680,guaH7vasUREIJHWk28IEFw,2.5,3,4.17,4.39,3.41,5.0,5.0,3.49,2.75,4.29
681,gvIUq0gN1zA_NkYq2hkt-w,2.5,3,4.5,5.0,3.41,5.0,5.0,3.49,4.5,3.33
682,gzF1S0-mQLGRRKC0QoFFJw,5.0,4,4.33,5.0,3.41,5.0,5.0,3.49,4.0,3.33
683,h0ODf_rHyeKegIWuhQ7VMg,5.0,6,4.4,3.0,3.41,5.0,3.21,3.49,4.0,3.35
684,h6t-dQ1udLHs0ogBFAAPGw,4.0,5,4.0,2.67,3.41,2.67,3.21,3.49,5.0,3.35
685,hAE5dJeiKcPDuUDpGmtCgQ,1.0,2,5.0,4.5,3.41,5.0,3.21,3.49,5.0,3.35
686,hCsJv234v62MgdsUU1j8dQ,3.5,2,3.38,3.31,3.41,3.63,3.21,3.49,3.61,3.35
687,hOJ5c8kA1bnhJuOAh_QjfA,3.0,7,4.41,4.28,4.33,4.49,5.0,4.15,4.3,4.19
688,hXY9Yq0nOLgHsWLbjam--A,3.0,3,4.22,4.23,4.33,4.3,4.14,4.15,4.35,4.27
689,hgQOESYp7CF4LnNI90XEiw,3.5,4,3.68,3.51,3.59,3.72,3.5,3.61,3.74,3.88
690,hjnkZ5aNxc42quli_x6R_Q,3.0,3,3.39,4.0,4.5,3.38,4.0,3.35,4.5,3.62
691,hl6s4hGsJDcRhHIWrSM-UA,4.5,16,3.39,3.65,4.5,3.38,4.0,3.35,3.56,3.62
692,hmQpLGx52YgyYvvJYa4F-Q,3.5,2,3.0,3.57,3.0,3.0,4.0,3.0,5.0,3.8
693,hmRR9whRtnbV5LyIC3Bxrg,3.5,2,3.0,3.57,3.0,3.0,4.0,3.0,3.0,3.8
694,hvridAom9cjx4mfFYasVrA,3.5,4,3.64,3.57,2.0,3.45,4.0,2.84,3.4,3.8
695,hvz-FzjCOWF0hIYltzMPKQ,5.0,13,3.08,2.12,2.0,3.0,4.0,2.84,3.0,3.5
696,hwwSII35ZAmhl3pTDhUTRQ,2.5,5,2.5,1.0,2.0,2.5,4.0,2.84,3.0,4.0
697,hySFMXFqyb7rNuxS8koNrQ,2.5,5,2.5,2.72,2.0,2.5,4.0,2.84,3.17,4.0
698,i0ToFQWsWPzFEC1eAxBh6Q,2.5,3,2.67,2.55,1.0,2.5,4.0,3.17,3.09,2.33
699,i2o3CQhS0IN2LqJX1O7uwg,3.5,5,5.0,5.0,1.0,2.0,5.0,1.0,4.0,2.75
700,i2wylw0UPybHn2OOrn4Gmg,3.5,4,3.67,4.67,1.0,2.0,5.0,1.0,4.0,2.75
701,iAFuk0qr9Q8ta6_bIRbZkA,2.0,2,5.0,1.5,1.0,2.0,5.0,1.0,2.0,2.75
702,iPjg6Id5JRu_3AkEgbNRtA,3.5,2,3.0,2.67,1.0,3.76,5.0,1.0,2.0,2.75
703,iR_vhTcQbPN_aEk3HxEQ8A,4.0,5,3.73,3.82,1.0,3.76,5.0,5.0,3.74,3.69
704,iRf1L16ozU-rSfE2MtSIlA,1.5,3,4.2,3.83,4.5,4.2,5.0,4.0,5.0,5.0
705,iSACB-ymuax7IiqjTkPdJA,4.0,2,4.28,4.5,4.5,4.0,4.5,4.0,4.0,4.17
706,iT_z6pzoK1AbqaBrDbXhlQ,4.0,5,4.28,3.67,4.5,4.0,4.5,4.0,4.0,3.29
707,iX2c4IzH_L5F6FM5GD3SUQ,4.5,6,3.74,3.75,4.22,3.85,3.76,3.48,3.83,3.84
708,iXHFZEYZ_NPwmbvgKaGlbQ,1.0,2,3.5,4.5,5.0,5.0,4.0,4.25,5.0,5.0
709,iXMjZr8tdYDt0Kg2C4MBgQ,5.0,13,4.0,5.0,5.0,5.0,4.0,4.25,5.0,5.0
710,ia5Vm-JoBdNwdAoHMGzCfg,5.0,6,2.75,3.54,5.0,4.0,4.0,4.25,4.0,3.57
711,iddCbqVjGa0NwvXp7aG6BQ,3.5,2,3.0,3.0,5.0,3.0,4.0,4.25,2.0,4.0
712,iktVOiEe5mLHmonoYcU1ZA,4.0,3,3.0,4.0,5.0,3.0,4.0,4.25,2.0,4.0
713,inYydawfdLVmcdu6wcKSjg,4.0,5,3.18,3.33,5.0,1.0,4.0,4.25,3.75,3.5
714,iojTeSaoPuxm4WeCzDUA6w,4.5,7,3.57,3.31,5.0,1.67,5.0,4.25,3.63,3.11
715,ivXSATui5znHvRuVExj3vw,3.0,3,3.17,4.25,5.0,5.0,3.0,4.25,4.0,3.0
716,iwGhazq9eP51PSerTrMrwg,4.0,9,4.09,3.56,4.0,3.8,1.0,4.11,4.43,3.78
717,iznuYVvpcBC3JGeWEoV0FQ,4.0,4,4.0,3.5,1.0,3.2,1.0,3.0,5.0,5.0
718,j44WXPk22-s6MtoeRiFlNA,3.5,2,3.7,3.77,2.86,4.5,4.5,3.0,3.84,3.79
719,j6D75GAJu6LdvRR1_OsxnA,3.5,3,5.0,3.15,2.86,5.0,3.0,3.0,5.0,3.83
720,j8DRGteeJ6iBy918RWiEog,4.5,4,3.0,3.15,2.86,3.53,3.0,3.0,2.43,3.83
721,j8Sdor4_SkPBD7fhC8IS8w,3.5,2,1.0,3.0,2.86,3.53,3.6,3.0,2.43,3.0
722,jBR8acKJbBCbi_W4HNJ-6A,5.0,2,1.0,3.47,2.86,3.53,3.6,3.0,3.28,3.17
723,jItm9rWFREGUkHMJZRbbPg,3.5,2,3.3,3.47,2.86,3.53,3.6,3.0,3.28,3.17
724,jJ2ca6wqp_YwTsdAWzplkQ,4.5,6,2.88,2.91,2.86,2.76,3.0,3.12,3.3,3.41
725,jKLbTpVhEZd3wxuwMnG-Yg,5.0,2,4.5,3.88,5.0,3.0,5.0,4.67,3.3,4.5
726,jOfJN45LMZSGbpPwJRe2pg,5.0,4,1.67,3.88,3.0,3.0,5.0,4.03,3.3,2.0
727,jPhxi_U9bxDmSSyB-qMgGg,5.0,3,3.89,3.67,3.0,5.0,5.0,4.03,5.0,3.75
728,jQShahssYuCqp_rCq1vNkQ,4.0,3,4.0,3.5,3.0,4.25,5.0,4.03,5.0,5.0
729,jQwlnW_SXpCvW_YQvV6zqg,2.0,1,4.0,5.0,3.0,3.62,5.0,4.03,5.0,5.0
730,jVNim3OiYjzu3FJuBK99cQ,4.0,4,4.0,5.0,3.0,3.62,5.0,4.03,3.32,5.0
731,jYU4Nd71giCWpLuj5JIxgg,3.5,5,3.78,3.67,3.0,3.62,5.0,4.03,3.32,3.61
732,jZs0g2iygqyFlA5pEA2Eyg,4.5,1,3.67,3.67,3.0,4.07,3.5,4.03,2.0,5.0
733,jbKiVMFrGBCVrjJUnGBsyA,2.0,3,4.0,3.7,3.0,4.07,3.5,4.03,2.0,3.5
734,jjvzKkIbgqUKDtN9jT7iKg,5.0,8,3.73,3.7,3.0,4.07,3.5,4.03,3.89,4.0
735,jobP3ywRd3QNZ_GCoPG2DQ,3.5,2,3.73,3.64,3.0,3.72,3.5,4.03,3.56,3.4
736,jozzH4XCEM9yQFjLAc3_zA,4.5,3,3.19,3.1,5.0,3.24,3.24,1.5,3.37,3.13
737,jpv0xJhews5F71O5NjXetQ,4.5,6,3.23,3.23,4.62,2.93,2.67,3.84,3.62,3.12
738,jubHvev4-PO1PBNHFD73vw,4.0,2,4.33,4.33,4.62,4.0,4.0,3.84,4.11,3.6
739,jx3X4e4eZaGl5zjISBFtMQ,4.0,3,3.87,4.0,4.62,3.91,4.35,3.84,2.0,4.0
740,jzQ5T6_Ikrng8zGdvd_45g,5.0,5,3.87,3.0,4.62,3.91,4.35,3.84,3.72,5.0
741,k-dDZvTeLysoJvjHI-qr9g,3.0,2,3.87,3.91,4.62,3.91,4.35,3.84,3.72,3.97
742,k0XqHU1jHKj8omqLbbTceQ,4.5,3,3.4,3.4,4.25,2.33,4.3,4.29,4.5,3.33
743,k1Al9gybAXpcbIZNK4Eqgw,5.0,5,4.25,4.29,4.25,5.0,4.3,4.29,5.0,4.25
744,k2b3niokS_tosjah_rzCPw,3.5,2,4.25,4.29,4.25,4.38,4.3,4.29,4.32,4.25
745,kA-C7phIw_TmKZNNZsBALQ,4.0,6,3.57,3.5,5.0,2.0,2.0,4.57,5.0,4.0
746,kANF0dbeoW34s2vwh6Umfw,2.0,4,4.8,4.62,5.0,3.85,4.0,4.57,4.33,5.0
747,kEF7ubBHTRbYviW2XVtF8w,2.5,2,4.07,3.9,5.0,3.85,5.0,5.0,4.3,4.33
748,kGy_vTomM-yAEz6iRt_Unw,3.5,3,3.5,5.0,5.0,5.0,5.0,5.0,5.0,5.0
749,kJbteCeQTiEB8Xdn9dA7rw,4.0,5,4.67,4.0,5.0,5.0,5.0,5.0,3.33,5.0
750,kO6SJv929D6_SQsUva2Mpg,4.0,5,4.67,4.67,5.0,4.5,5.0,5.0,4.75,5.0
751,kSWZrIFrwyj5wj52uQJwpA,5.0,4,4.6,4.0,5.0,5.0,5.0,5.0,3.67,1.0
752,kW4hWcGo1u7_wM1r9bvv0Q,2.0,5,4.6,4.0,5.0,5.0,5.0,5.0,3.86,4.0
753,kX1rLHqLHECUqACUEKnFsQ,5.0,8,4.0,5.0,5.0,5.0,5.0,5.0,5.0,4.0
754,kdnQwTsPHtL2_FxcjKb19g,5.0,9,4.67,2.0,5.0,5.0,5.0,5.0,5.0,5.0
755,kds044HPuEB_HzoR_EHLeQ,3.5,2,4.67,5.0,5.0,5.0,5.0,5.0,5.0,5.0
756,khtMC2-PQf_ylbRkWvnutw,5.0,7,4.0,5.0,5.0,4.33,4.0,4.0,4.33,4.5
757,kkD5pal9rRzE4PjeYSL9mA,2.5,2,3.5,4.9,5.0,4.0,4.0,4.0,4.83,4.5
758,kkaA2z1MVwRnZfM1fSYbzA,2.0,3,4.0,4.67,2.5,3.75,4.0,3.88,4.43,4.5
759,klEZ5XCoRd5lwcEwK7cMXQ,3.5,2,4.67,3.5,2.5,3.75,4.0,3.88,4.43,3.67
760,l6ASM0yHJkv1r7HDh6S9sQ,2.5,2,4.6,4.33,5.0,5.0,4.0,4.0,4.0,5.0
761,l7FwPwHbfVXx6QNTPotXlw,4.5,4,4.33,4.17,5.0,3.6,4.0,4.0,4.0,4.45
762,lB2bnoWizz44ubSypZcwTA,4.5,5,4.67,5.0,4.75,4.0,1.0,3.0,4.33,3.0
763,lJLRn9JArq3pJeUnJbxwkw,1.0,3,5.0,3.67,4.75,5.0,1.0,3.0,4.33,5.0
764,lNOPJU1mGMePKmRy268ziQ,5.0,4,4.0,3.67,4.75,4.0,1.0,3.0,4.33,5.0
765,lQXSrgfLPqvjfLDTFozUVA,4.5,3,3.75,5.0,4.75,4.0,1.0,3.0,3.0,5.0
766,lSO9qpXaZZWufIZzH5L1IQ,2.0,4,5.0,4.29,4.75,4.0,2.83,4.5,4.5,5.0
767,lStmpNBiielxyER1wF_Szg,5.0,4,5.0,4.29,4.75,4.0,2.83,3.88,3.5,5.0
768,lTU80hSQiTRLCelBkhEhkQ,4.0,2,4.0,4.43,4.75,4.0,2.83,3.88,4.0,4.0
769,lVULxfPrpjnlOzF_jilRAA,2.5,4,3.76,4.43,4.75,3.85,2.83,3.88,3.79,4.25
770,lXCmTGagqHuPgaeN2g2P1Q,3.5,2,4.0,4.42,5.0,4.2,2.5,4.67,4.38,3.0
771,m27ksOwMufwziErYt3Zu9A,1.0,5,3.67,5.0,5.0,5.0,2.5,5.0,5.0,4.0
772,m5JdqXrH-uUhYV4q7otytQ,4.5,6,3.67,5.0,5.0,5.0,2.5,5.0,4.0,4.0
773,mBpwj9aFRV9Mzem9Cbq5ZA,1.5,6,5.0,5.0,5.0,5.0,2.5,5.0,5.0,5.0
774,mEjR27KjPhhGXNNd2K7wLw,3.0,6,4.0,3.0,5.0,5.0,2.5,5.0,3.75,2.5
775,mQTem4Fcj3jlJ7xUaNj1wQ,4.0,2,3.33,3.0,5.0,4.0,2.5,1.0,3.75,4.67
776,mRjJFIVsR3TIVbwwkujpYw,1.5,2,5.0,4.0,5.0,4.0,5.0,4.33,3.75,4.67
777,mW4QpvxPAEeiUuMRINqZwg,4.5,2,2.0,3.6,5.0,4.0,5.0,4.33,4.14,4.0
778,mWfbt9IyLjZmnmUnsaVi0A,5.0,3,3.75,4.3,5.0,4.31,5.0,4.33,4.14,4.35
779,mdyUiIvgtMo6BkWKm3ksVg,2.5,2,4.25,5.0,5.0,3.0,5.0,4.33,5.0,5.0
780,me_UR1W9xfVaAAxGse07og,4.0,2,4.25,4.4,5.0,4.5,5.0,4.33,4.36,4.67
781,mlSfYxQ3Rmq939aCGrtrRg,1.0,3,4.75,4.0,5.0,5.0,5.0,4.33,5.0,5.0
782,ms3GkOSpgmnappA12BwQbQ,5.0,4,5.0,4.6,5.0,5.0,5.0,4.33,4.5,4.0
783,mvMih24zuSw_dZyU_LEY7g,2.0,3,5.0,4.6,5.0,5.0,5.0,4.33,4.59,4.25
784,mx6YUarYRhXxUqXiJ6mbIQ,4.5,2,5.0,4.0,5.0,5.0,5.0,4.25,4.57,4.8
785,myucQ9YVIiljEz7tHRhyLQ,2.5,3,5.0,5.0,4.0,3.2,5.0,5.0,4.75,4.85
786,nCrAPCA_8T82iKgIWhrfkA,4.5,3,4.83,4.62,4.0,3.2,5.0,5.0,4.75,4.85
787,nHDAxY-Gto-Q5eWFzave7Q,1.5,2,5.0,5.0,4.0,3.2,3.67,5.0,5.0,2.0
788,nItzzxoaVH7vO90S-INoHA,5.0,5,5.0,3.0,4.0,3.2,3.67,5.0,5.0,2.0
789,nLt-o9SghULX9IVqcgXYQQ,3.0,3,2.0,1.57,4.0,3.2,3.67,5.0,2.0,2.0
790,nOidqR9yk6clKeXbuT_gZg,3.5,2,3.94,3.67,4.0,3.2,3.67,5.0,2.56,3.24
791,nRuhTgsFsfWtFFbmTnJVAA,3.5,5,5.0,2.33,4.67,5.0,5.0,3.0,2.8,4.67
792,nUAWmCpRPTic1k1lGSWKdQ,5.0,2,2.67,2.33,4.67,4.5,5.0,3.0,2.8,1.0
793,nZMXuXw4KObaNOzNPtGaiQ,3.5,6,2.67,3.33,4.67,4.5,5.0,3.0,2.8,4.0
794,ne973VbUkCAUdorXOodb-w,4.0,2,1.0,2.25,4.67,5.0,5.0,3.0,2.8,4.0
795,nh_kQ16QAoXWwqZ05MPfBQ,5.0,3,1.0,4.8,4.67,4.0,5.0,3.0,2.8,4.83
796,nioOM-5RC_JxMaZfQXQnFw,1.0,2,5.0,5.0,4.67,4.0,5.0,3.0,2.8,5.0
797,njNrU2TngwvP0Df6yrti_Q,5.0,5,5.0,5.0,4.67,4.5,5.0,3.0,5.0,5.0
798,nrrFs_wvwjCB4fEhKl0bYw,5.0,4,4.0,4.4,4.67,4.5,3.5,3.0,4.0,3.67
799,o0Z5DoVpUUAz-4N5bA6KSA,3.0,6,4.0,4.25,4.67,4.5,5.0,3.0,4.0,3.0
800,o2w-BJjXqpCMy5bZ5RVRfA,4.5,5,5.0,2.67,4.67,5.0,5.0,3.0,2.0,3.0
801,o4hn9FUOQvwSeqQiy5aTaA,1.5,3,4.14,4.0,4.67,5.0,5.0,3.0,4.5,5.0
802,o5HvvZfYPo1nZ5mB52x2ew,2.0,2,2.7,2.83,5.0,4.67,5.0,3.0,2.55,3.8
803,oCbLmXz_kUeizUiGe0lmuQ,4.5,4,3.42,3.04,5.0,2.82,5.0,3.0,3.29,2.88
804,oDcTa97TuRsNVg8urdw6qA,2.0,2,2.91,2.7,5.0,4.5,1.0,1.83,3.12,2.5
805,oDxK_e70E-UVFJxBcwMQdA,4.0,2,2.0,2.14,4.5,3.0,3.25,3.5,2.33,2.5
806,oG7npPXEuz2T8WklmcCGBA,2.0,3,1.0,2.14,4.5,3.0,3.25,3.5,1.0,4.0
807,oGC5Ag5dt-oyVZQkb57mWQ,5.0,5,5.0,4.0,4.5,3.0,3.25,3.5,4.0,4.0
808,oGYXSVs0ympLy0ur8Qnp7g,3.0,2,3.36,3.35,4.5,3.0,3.25,3.5,3.62,3.5
809,oI11T9CMvVZ3eH-JbR6yAA,5.0,8,3.29,2.5,3.99,5.0,1.0,1.0,4.0,2.14
810,oIl-Sh7ujuEHg0EEPKd3Qg,5.0,2,5.0,2.33,3.99,1.0,3.86,1.0,2.0,2.33
811,oOHgRtOX2NIC3-YwoiGJwA,4.5,2,3.0,4.17,3.99,3.0,3.86,1.0,3.0,3.0
812,oRMA2qjzXPiYE_oYihWNuQ,3.0,2,4.5,3.33,3.99,5.0,3.86,3.95,3.57,3.75
813,oUi5Dhv7_6OgHKAsZMyojQ,2.0,2,4.5,2.4,3.99,5.0,3.86,3.95,1.75,2.75
814,ohdz4bCmJa1gnCwoMtSuPA,4.5,4,4.5,4.0,3.99,4.12,3.86,3.95,3.8,3.2
815,ohz8ljVxcZMo2bMGrBZfgw,3.5,8,4.01,4.08,3.99,4.12,3.86,3.95,3.83,3.72
816,oiVpyFXOAdQUHvQLwr-58g,4.5,2,3.83,4.1,4.12,3.7,2.0,4.52,4.0,4.33
817,orG53sygq3_yW2uegN9ECA,3.0,2,3.5,4.33,4.12,4.57,4.25,4.52,4.0,5.0
818,ot1sUqbDrXEd8BELJZw6IA,3.0,3,4.29,4.0,4.12,4.57,4.25,4.52,4.5,4.12
819,ovFnrmsT5rUpbAQE1r-V0Q,5.0,4,4.6,4.69,5.0,4.0,4.0,3.2,4.0,4.94
820,oyxaoiho0tghLmQQMCa_5w,2.5,2,4.25,3.0,4.5,1.0,4.0,3.2,1.0,5.0
821,p6zSxr2nnRzJJ93LthQftg,4.5,3,4.25,3.77,4.5,1.0,4.0,3.2,4.0,4.0
822,phLWnouPKgNkoRtS6wCYgQ,4.0,5,4.0,2.75,4.5,3.33,4.0,3.2,2.67,3.25
823,pi1DHl64UzYXkVuSwvsUwg,3.5,2,3.9,3.54,4.5,3.92,5.0,3.56,4.62,3.85
824,pif8Io-Jn2veckVGzkEyJw,2.0,3,3.6,3.38,4.5,3.0,5.0,3.1,3.14,4.67
825,ppmYIHMCIL5bocUsJSsDWA,3.5,2,5.0,5.0,5.0,5.0,5.0,5.0,5.0,5.0
826,q0GIGkG6fgJ3Q6iMNPKamQ,3.0,7,5.0,5.0,5.0,4.0,5.0,5.0,5.0,4.75
827,q1v62uMnHppCbXRVO3ux1A,5.0,3,4.86,5.0,5.0,4.0,5.0,5.0,5.0,4.67
828,q2X3RyyJymp9eKqj9nTPAA,3.0,3,5.0,5.0,3.73,5.0,3.12,5.0,5.0,5.0
829,q2wt9Pak2e2WUXtZH1EzNA,4.0,2,5.0,5.0,3.73,4.67,3.12,3.77,5.0,4.0
830,q4i-GbjeSp6ucBDXGE9DqA,4.5,4,4.16,3.0,3.73,4.17,3.12,3.77,3.44,3.95
831,q6HPYvbl4lU3meovq4xGwg,4.0,3,3.0,3.5,5.0,3.4,3.33,3.5,4.5,3.5
832,qCTwVLF00fDJW3DHXBLsYQ,2.5,2,5.0,4.5,5.0,4.0,3.33,3.5,4.5,5.0
833,qErsTQEEaUTvGf-PbqqCzw,3.5,2,4.0,3.75,5.0,4.0,3.33,3.5,4.5,5.0
834,qHFag0AoN6ZP7XKafiRPvA,3.5,4,4.0,3.75,5.0,4.0,3.33,3.5,4.0,2.0
835,qHQPvp6pZ75fB63kOKUPqg,5.0,7,2.38,2.69,5.0,2.67,3.33,3.5,2.72,2.59
836,qK7Y3mWKVIBI2pb9J71bUQ,5.0,6,1.0,2.5,2.12,1.0,2.9,2.2,1.0,1.0
837,qNChnVaoWDS-RFd9NDBPEA,3.5,5,1.0,1.0,2.12,1.0,2.9,2.2,1.0,1.0
838,qVO3l9Q0-KVQE7W9JL9ePw,4.0,7,2.42,2.47,2.12,2.23,2.9,2.2,2.27,2.54
839,qW9YdjLDjqM7vpib6cIYGg,4.5,2,4.0,3.94,4.05,3.0,3.0,3.84,3.67,3.0
840,qbmGke7EaNKTeXWZLA_Xig,3.5,6,2.2,4.0,4.05,3.0,3.88,3.84,3.0,5.0
841,qbxMdV5Lxs_vx9A4ub2ajg,4.5,3,2.2,2.0,4.05,3.0,3.88,3.84,3.0,3.0
842,qeRuUTGDq5yek4XRIY3jzg,3.0,3,2.2,2.25,4.05,4.0,3.88,3.84,2.56,3.0
843,qewI7NG13K0jMk5sZ77Lgg,4.0,11,3.5,5.0,4.05,4.0,3.88,3.84,5.0,3.0
844,qkUZg9V8UU-8uHbuuITp6g,5.0,4,2.0,3.95,4.05,2.62,3.88,3.84,3.0,3.0
845,qprEF1rlMH__B-G76Oc-8A,4.0,2,2.0,3.95,4.05,2.62,3.88,3.84,4.01,1.0
846,qsJkjQoM3Hdg6Gtqp2S9_w,3.5,3,3.81,3.95,4.05,4.14,3.88,3.84,4.01,3.96
847,qx2mnMgIb9PCx8crz17G9Q,5.0,6,5.0,5.0,3.47,3.86,3.33,3.67,4.67,5.0
848,r-wz3rmeNGLBMOqtfXnxog,4.5,9,3.78,3.51,3.47,3.86,3.33,3.68,3.77,3.74
849,r1trJaS4s1JfwnBmw9n9xg,5.0,5,4.0,4.2,2.5,4.0,4.5,3.33,4.0,5.0
850,r5w8qxs-gJtMV5ro_TlW8A,3.0,2,4.0,4.0,2.5,4.0,4.5,3.33,4.0,4.0
851,rFYmB7_Ba1rq04NzZBbRkg,5.0,4,3.32,2.0,2.5,3.0,4.5,3.33,2.0,4.0
852,rIGPzxycWfmGQS3RHpVaNA,4.0,3,3.32,3.17,2.5,3.0,4.5,3.33,4.0,3.86
853,rJRMmiyR8AynlUwSzOF0Kg,5.0,4,5.0,3.0,5.0,4.25,5.0,4.83,4.5,4.0
854,rJYZyjWH_GCMv-JZdykv6g,3.0,3,4.31,4.4,5.0,4.25,5.0,4.83,4.5,4.55
855,rK7t-WZ3UBmPIQu_eBb3xA,3.5,2,5.0,3.0,5.0,5.0,5.0,4.83,3.0,1.0
856,rM1ywMpSpayDONavJRlg7Q,5.0,2,5.0,5.0,5.0,5.0,5.0,4.83,5.0,5.0
857,rQO6-KfH2B_FxNrs6aIbYg,4.0,3,4.75,5.0,5.0,5.0,5.0,4.83,3.44,5.0
858,rTZVcJZ8G80i6NjLw0SW8Q,3.5,6,3.66,3.72,3.52,3.56,3.88,3.54,3.44,3.46
859,rTc1zhJ9n3dcHIJMbSxboA,2.5,2,5.0,5.0,5.0,5.0,3.22,3.56,5.0,3.61
860,r_vyV25Z5aCHYiNYw1pFBQ,5.0,5,3.54,5.0,3.54,5.0,3.22,3.56,5.0,3.61
861,rdE9gg0WB7Z8kRytIMSapg,4.0,14,3.54,3.59,3.54,3.44,3.22,3.56,3.55,3.61
862,rdZRHPoTmKd7fKnEJLjCDA,3.5,3,3.5,4.29,3.25,3.75,5.0,4.75,3.78,4.18
863,roKgLNyvP4lUTXy4_Icjlw,2.5,2,1.0,2.0,3.25,5.0,5.0,4.75,5.0,5.0
864,rtLq4usrI15pDVLpshUl4Q,3.0,2,3.0,4.0,3.25,5.0,5.0,4.75,5.0,5.0
865,s5o2gAlIk9gX-otfiUpFgw,2.0,2,5.0,5.0,3.25,5.0,5.0,4.75,5.0,5.0
866,s6NlcpD-dLM4U7Q1T9uxJA,3.0,2,4.0,3.71,3.25,4.0,4.75,4.75,3.88,3.2
867,s7YTH4riynzl3xMgJJHEjQ,4.5,6,3.38,3.81,3.25,2.75,4.75,4.75,3.41,4.0
868,sDhwuuRKr7Phz_XDYSleAQ,3.5,2,3.9,3.86,3.25,4.4,4.75,4.75,4.6,4.0
869,sKhDrZFCJqfRNylkHrIDsQ,4.0,2,3.45,3.06,3.25,3.0,4.75,4.75,3.7,3.91
870,sRw3ywWIAMqJX92twQehXA,3.0,4,5.0,5.0,3.25,1.0,1.0,3.24,3.0,3.71
871,sZ3AWH6WPq38fEKijvl9vA,3.0,2,3.06,3.94,3.25,3.64,1.0,3.24,3.77,3.71
872,sgtF_x5ppBbIXRUE8XrmVg,5.0,10,3.33,1.0,3.25,3.33,1.0,3.46,4.5,4.67
873,shSYKGuSzXpctURCR9kCFQ,3.0,3,3.34,3.76,3.25,3.4,4.0,3.51,3.22,2.94
874,shqMR8_sSZTz4spuvfD4jg,4.0,2,2.5,4.67,4.03,5.0,5.0,5.0,3.0,5.0
875,snO8Dd7fhBLt25O2o3gzYw,5.0,3,5.0,4.67,4.03,5.0,5.0,5.0,5.0,3.0
876,soFDCWy__fdPcvRgJyW3OA,2.5,4,5.0,4.67,4.03,5.0,5.0,5.0,3.0,3.0
877,suYT-HxZiLe7nFFPqYDwig,3.5,3,5.0,4.67,4.03,5.0,5.0,5.0,5.0,5.0
878,szdXCAagDGX4kA7EPZ0kEw,2.5,4,5.0,5.0,4.03,3.31,3.94,5.0,5.0,5.0
879,t-BogmVlO9o2TxH_ksE-HA,4.5,3,5.0,5.0,4.03,3.31,3.94,5.0,5.0,5.0
880,t2ujQ_kfxB6lvVfv8lHjwg,3.5,3,3.5,3.33,4.03,3.31,3.94,3.75,3.21,3.24
881,t2ykeFfc1DcSVzs5D2dFzw,5.0,5,3.0,2.25,4.03,4.0,3.94,3.75,3.0,2.25
882,tLvbz6VxlWC514DqKas7Eg,2.5,2,3.81,3.33,4.03,4.0,3.94,3.75,3.0,3.5
883,tMYYSWyTppDcF070Hmy-kQ,3.5,5,3.81,3.78,4.03,3.66,3.94,3.75,3.82,3.86
884,tNeVg2xJ8A0gV-B79iLdfQ,4.5,8,5.0,4.67,4.43,5.0,4.0,4.04,5.0,4.5
885,t_hsUKs9eNYZcJP3Fl2cyw,5.0,2,5.0,4.0,4.43,3.5,4.0,4.04,5.0,5.0
886,tfKtmfAHg-XW-okgUPE-WA,3.0,4,4.0,2.67,4.43,1.0,4.0,4.04,3.0,5.0
887,tjjVIsUuTS1zLNpJMoJotQ,5.0,5,4.35,4.5,4.43,4.5,4.0,4.04,4.5,5.0
888,tk7__jHNlFMsfShjv5CJNQ,4.0,11,4.35,3.67,4.43,4.0,4.0,4.04,4.11,4.11
889,tm4MJbmvpT1uKEYHJBYr4Q,3.0,7,2.75,1.0,3.6,3.0,4.0,3.81,3.0,3.5
890,tqN30ZVHlmxbI-uQ4ORyjA,2.5,3,3.54,4.33,3.6,3.61,4.0,3.81,5.0,4.0
891,tstimHoMcYbkSC4eBA1wEg,4.5,6,3.54,3.3,3.6,3.61,4.14,3.81,3.68,4.2
892,tuELRpI9dIKY7p59MMernw,4.0,10,4.07,4.0,5.0,4.42,5.0,5.0,3.67,3.88
893,twENo0qwyBxsrmV6J9jvPA,5.0,8,4.71,5.0,5.0,5.0,5.0,5.0,4.27,4.0
894,txrnn0nUe9-RSowaGAG1PA,3.0,3,4.71,4.28,5.0,4.5,5.0,2.67,4.27,4.79
895,tzjUW8uffmsWcdkEe48Bmg,2.5,4,3.0,4.08,5.0,3.25,4.0,2.67,4.67,2.75
896,u2wqrS4WenKSsuFsrLBGAA,4.0,4,3.0,3.17,5.0,3.25,1.0,2.67,4.0,4.33
897,uCuK-WV50xXbqYPZjRGAtg,5.0,8,3.5,4.0,3.66,5.0,4.0,3.63,5.0,3.67
898,uKu-apxF0NoCB0RArV055Q,2.5,4,4.0,5.0,3.66,5.0,5.0,3.63,5.0,3.0
899,uXOyx4aFR7O0rnLxuGHPNQ,2.0,3,4.0,3.33,3.66,3.0,5.0,3.63,1.5,3.0
900,uZuh51lXu7tsrC8RAwkg1A,4.5,3,4.67,4.0,3.66,3.5,3.63,3.63,3.71,3.0
901,udxOO5Gvf1rfy0TdDj3-EA,3.5,5,2.83,3.5,3.66,3.0,3.63,3.63,3.0,4.5
902,uh-q2sn9S-zoZtQP1tlf9g,4.0,4,4.5,3.0,3.66,4.0,3.63,3.63,3.63,4.0
903,ujHiaprwCQ5ewziu0Vi9rw,3.5,3,3.7,3.63,3.66,3.73,3.63,3.63,3.63,3.61
904,um1guhIrpfBu0nt4jsR5_A,5.0,3,4.73,4.65,5.0,4.43,3.62,5.0,4.73,4.54
905,upLmGGjPrpO6-HETLFKkew,4.0,2,5.0,5.0,5.0,3.0,3.62,5.0,1.0,3.0
906,utljHPPgKCw_KjO9IvUkWw,5.0,4,5.0,5.0,5.0,5.0,3.62,5.0,1.0,5.0
907,v-NKxpmSNahfaN2pwnhSkg,3.5,5,5.0,5.0,5.0,5.0,3.62,5.0,1.0,5.0
908,v-sFF0zhcCB7Afhem1tMWw,5.0,3,5.0,5.0,5.0,5.0,3.62,5.0,5.0,5.0
909,v2UKNMDqWN1UaWlK2Ugx2Q,3.5,2,5.0,3.67,5.0,5.0,3.62,5.0,3.0,5.0
910,v69i011Y7eZqvNbpuLnrtA,5.0,2,5.0,5.0,5.0,5.0,3.62,5.0,4.25,5.0
911,v7RWFLaORSTKgUKU8FgUJQ,2.0,3,5.0,5.0,5.0,4.5,3.62,5.0,4.25,5.0
912,v7ZFEEqJBg_r8NCwHRP_2A,4.5,6,5.0,5.0,5.0,4.25,3.62,5.0,4.25,5.0
913,v83YDyU2UxQKT9ZZ-sKMzA,4.5,2,5.0,5.0,5.0,4.25,3.62,4.4,4.25,5.0
914,vATbGMxLd9cZ3VY_GZAIJw,4.0,5,5.0,5.0,5.0,4.25,3.62,4.4,4.25,5.0
915,vAbRNF0hJt91oCUpm_sdKw,3.5,2,2.93,2.58,3.55,3.08,3.62,3.23,3.36,3.1
916,vHIUZzeWg7VxL9Y-hrE43g,2.0,5,3.0,3.0,1.78,3.0,3.0,3.67,5.0,5.0
917,vJ0m2sONLCjC-1iZ_p_kYg,3.5,2,3.0,3.11,1.78,3.8,3.0,3.67,3.69,3.07
918,vJvZOy6xlcO0nfdePvlTHg,2.0,3,3.28,5.0,1.78,3.41,3.47,3.67,3.19,3.78
919,vKnVb2RJfMBTnBCDooNAvA,3.5,2,3.28,3.22,1.78,3.41,3.47,3.67,3.19,3.78
920,vNqEtARzf3m6bBhvwMqwdg,3.5,4,3.3,3.47,1.78,3.47,4.5,3.67,3.49,3.84
921,vUsPxHrZqRzHkCj3RPzjFQ,4.5,3,5.0,3.0,1.78,5.0,4.5,3.67,5.0,1.0
922,vZLrA1A0rNebyMtxBwOCDQ,4.5,6,3.46,3.0,1.78,4.25,4.5,3.67,3.33,3.9
923,vaueMawiCmQaQutig-Bisw,3.5,6,4.4,4.25,1.78,3.0,5.0,4.25,2.83,4.5
924,vcZZycSx50yDVghAcRR6Uw,4.5,4,2.33,1.0,1.78,3.0,5.0,3.18,2.83,1.0
925,vfqUUh_5KF3R7mz2XiNXGg,5.0,4,4.0,3.2,1.78,3.0,3.0,3.18,2.83,4.11
926,viFP7j-WLzVhkCFXWGWQDw,3.0,9,4.25,3.94,3.0,3.67,3.33,3.09,3.62,3.56
927,vn-vRefiIb92Y7pniF6ypA,3.5,3,5.0,3.52,3.85,5.0,3.33,5.0,3.82,5.0
928,vpoXE7CsEMZNzBMDvkuqHg,3.0,2,3.92,3.52,3.85,3.71,3.33,3.88,3.82,3.26
929,vu4DAmaeEK_cX1b6bDxn9Q,5.0,2,3.52,3.32,3.05,3.6,4.0,3.69,4.44,3.86
930,w0C5QP3KO7WTLmMhfHQtFQ,5.0,3,2.5,3.5,3.05,3.0,4.0,3.1,4.0,3.88
931,w3gYFXHj_VyQ6ClH10BUfg,3.5,5,3.69,3.82,3.05,3.33,4.33,3.1,4.0,3.62
932,w4yq1IRk0DHQE995giqjGg,3.5,6,3.12,3.46,3.05,3.14,3.29,3.1,3.21,3.18
933,w6l6uq95_-36unVjTaFIXw,4.5,4,4.0,2.94,4.0,3.33,4.0,3.0,2.67,2.67
934,w7pPygkURBxxMpNk1NEM0w,5.0,9,5.0,2.33,4.0,2.5,5.0,3.0,3.0,5.0
935,w8xG94UdaIrTsslgNxTnhg,2.5,7,5.0,3.33,4.0,2.5,4.0,3.0,3.0,1.0
936,wBg25ZxFK6eCxIZl7Y6Gpg,4.0,3,5.0,4.0,4.0,3.92,2.0,3.0,3.33,5.0
937,wOcjxydfqz99U5rFa2f2ng,4.0,2,5.0,4.0,4.0,3.92,2.0,3.0,3.33,5.0
938,wPei6JKotMz8jsEKbohmnw,2.5,8,4.0,3.43,5.0,3.92,2.0,3.08,3.33,3.5
939,wSBNzVkRzTVlnR95AFvYMg,4.0,9,3.3,3.25,5.0,3.5,2.5,3.08,3.46,2.98
940,wdsGP5rJinx0J5GcGzPQUw,4.0,2,3.84,4.07,3.23,3.46,4.0,3.77,3.96,4.0
941,wgcLJ5IH0_QJV5qasU-1Sg,5.0,3,3.71,3.5,4.31,4.0,4.25,4.12,3.5,3.0
942,wmId49_BwzfWd3ww6GDMeA,4.5,6,4.05,3.83,4.31,4.0,4.25,4.12,4.19,4.38
943,wooab_AaL3EWYhp9_qeRuQ,4.0,5,4.0,4.5,4.0,4.0,4.0,4.0,4.0,4.0
944,wsdxhfW0aVf7ayMqId1HmA,2.5,2,4.0,4.33,4.0,4.0,5.0,4.0,4.0,4.0
945,x-Tyk_Sta6zVDlBjWCrkgQ,4.0,6,4.5,4.33,3.96,5.0,5.0,3.82,3.4,4.0
946,x304fU0MqPjPxTC4iZyXxg,3.0,2,2.0,3.75,3.96,4.0,5.0,3.82,3.4,4.0
947,x48sOvH70bdEp9BkVITuRA,5.0,9,4.5,5.0,3.96,4.0,5.0,3.82,4.0,4.0
948,xAGZzBu4Nlwdrvp0O9XGeA,4.0,2,4.0,3.6,3.96,4.0,4.11,3.82,3.8,4.0
949,xBA79JoRlzLNLWouEjyykQ,3.5,3,3.6,3.0,3.96,4.0,4.11,3.82,4.0,4.67
950,xDvl_i1g1HCJ4EmIRmwfqg,3.0,5,3.93,3.66,3.96,3.64,4.11,3.82,3.64,3.65
951,xF0mIKSmU9nnoch7pLiNxA,1.5,3,4.0,4.5,4.0,5.0,4.0,4.0,4.0,4.14
952,xKL4JhiFn75HyTqW8tfR6w,3.5,2,4.27,4.47,4.0,4.0,4.0,4.0,4.0,4.14
953,xKmkHUq-3k-Uy5661ai4_g,4.0,3,5.0,4.0,4.0,5.0,4.0,4.0,2.0,3.33
954,xXtWrRKn8A708BfaNs1nZw,4.0,7,3.88,4.0,4.0,3.25,3.5,4.0,3.6,4.14
955,xY_te34Vjvi8Te-UEtGypQ,3.0,2,3.67,4.67,4.0,3.5,3.0,3.0,3.33,3.0
956,x_L9NCBxx4Mb4cOnnRMibw,4.0,2,3.22,2.8,3.75,3.5,3.0,3.0,3.33,3.0
957,xfHTkbMG3pec9RrHPc3RLg,5.0,3,5.0,2.0,4.11,5.0,3.0,3.98,3.0,3.67
958,xoLBJRnvAefLuotgKxbGjA,4.0,7,4.0,3.55,4.11,1.0,3.0,3.98,5.0,3.22
959,xpEq8x5caXFm2lmjQ51rVQ,3.0,2,1.5,2.75,4.11,4.5,2.0,3.98,4.0,1.0
960,y5lTP-VEkT7feZmGxNxO9w,3.0,5,4.39,3.91,4.11,4.5,2.0,3.98,4.0,4.0
961,yKpdzrqe_qIbu9dB6bj9Gg,2.5,4,3.38,3.52,3.54,3.43,4.0,3.79,3.18,3.33
962,yL7bX_72vw6f7p3tzLV3dA,4.5,4,3.0,4.0,3.0,4.0,4.0,4.17,3.0,4.0
963,yLXofv8jOox6COakZBEhJg,4.0,4,2.33,2.6,3.0,3.5,4.0,4.17,3.75,3.6
964,yMhEnBRW1HaZ8UnofGwyUw,5.0,2,3.0,3.0,5.0,3.0,4.0,4.17,3.0,3.0
965,yQ1nmPEL7GmS5z9Y2cJPVQ,4.0,2,4.0,3.5,5.0,3.0,4.0,4.17,4.0,3.0
966,yRMCAJehX5uwgurulPnR7Q,4.5,4,1.0,2.67,5.0,3.0,4.0,4.17,3.33,3.0
967,yYkvonvBGZB6UMnpzr6Ryw,2.5,3,3.67,4.68,5.0,5.0,4.0,4.17,4.6,5.0
968,ybZJ4q8QU72A2E8sOYDuZA,5.0,8,3.16,4.0,4.0,4.43,4.0,3.0,3.33,4.08
969,yd8DViCRmJXHGAH7-87DhQ,3.5,8,4.33,5.0,4.0,4.0,2.0,3.0,4.0,3.0
970,ye1GA1FXeRSz8oXIdgktSw,5.0,2,2.71,3.08,4.0,3.33,2.0,3.0,2.43,3.29
971,yofHPSC24EsWTMJq3_6N6g,3.0,4,2.71,3.08,4.0,3.33,2.0,3.0,2.43,3.29
972,ypMf1Ma5b-WoiVmT22deoA,3.5,4,3.6,3.0,4.0,3.0,2.5,3.0,3.5,2.5
973,yycHRR_j82CnhIZjaSSL7w,4.0,5,5.0,3.0,4.0,3.0,3.0,3.0,3.5,1.67
974,zD-BBM8RYc_HOj3QVEvyhA,5.0,3,3.31,3.5,4.0,3.0,2.69,3.0,3.5,3.0
975,zL6GK1pPgXgKjuRqA6v8VQ,4.0,5,3.31,3.5,4.0,3.0,2.69,3.0,3.5,3.6
976,zLEvIXFzISHfYXSOmZQkjw,4.5,4,4.86,4.77,4.0,4.6,5.0,4.0,4.81,4.85
977,zdKWo-B3xcYevFoXS1OU9g,3.0,1,5.0,5.0,4.0,5.0,5.0,4.0,5.0,5.0
978,zdPu9iRJvUE2VkYjcEP9mg,4.0,2,5.0,5.0,4.0,5.0,1.0,4.0,3.65,5.0
979,zeYaiZsoqshoOk6VUEwvZA,2.5,5,4.55,3.38,4.0,4.0,1.0,4.0,3.65,5.0
980,zfNKdsuT7bWWN-f3v5Rj_g,4.0,3,4.33,3.67,4.0,3.4,5.0,4.0,5.0,5.0
981,zhT6PXyerupZzXL-smu-ZQ,4.5,2,3.67,4.67,4.0,5.0,5.0,4.0,5.0,4.0
982,zmUOgy8-5I3BP0iNM_w33Q,5.0,6,4.0,5.0,4.0,4.25,5.0,4.0,5.0,5.0
983,znfU93z9mZ0QYB0nqaPuAA,2.0,3,4.0,5.0,4.0,4.25,5.0,4.0,5.0,5.0
984,zsTeGLeCYBRSCmW7gznePQ,4.5,6,2.0,3.0,4.0,4.25,5.0,4.0,3.0,3.33
985,zwHxfpxAliFnNhmCXL4Hdg,2.5,4,2.38,3.25,4.0,4.25,5.0,4.0,3.0,2.0
